INSERT INTO "Languages" ("Id", "Code", "Name") VALUES (1, 'en', '英語');
INSERT INTO "Languages" ("Id", "Code", "Name") VALUES (2, 'ja', '日本語');

INSERT INTO "Categories" ("Id", "LanguageId", "Name", "ParentCategoryId") VALUES (1, 1, 'TOEIC', NULL);
INSERT INTO "Categories" ("Id", "LanguageId", "Name", "ParentCategoryId") VALUES (2, 1, '英検', NULL);
INSERT INTO "Categories" ("Id", "LanguageId", "Name", "ParentCategoryId") VALUES (3, 1, '小学校', NULL);
INSERT INTO "Categories" ("Id", "LanguageId", "Name", "ParentCategoryId") VALUES (4, 1, '中学校', NULL);
INSERT INTO "Categories" ("Id", "LanguageId", "Name", "ParentCategoryId") VALUES (5, 1, '高校', NULL);
INSERT INTO "Categories" ("Id", "LanguageId", "Name", "ParentCategoryId") VALUES (6, 1, '大学入試', NULL);
INSERT INTO "Categories" ("Id", "LanguageId", "Name", "ParentCategoryId") VALUES (7, 1, 'IT', NULL);
INSERT INTO "Categories" ("Id", "LanguageId", "Name", "ParentCategoryId") VALUES (9, 1, '990', 1);
INSERT INTO "Categories" ("Id", "LanguageId", "Name", "ParentCategoryId") VALUES (10, 1, '大学院', NULL);
INSERT INTO "Categories" ("Id", "LanguageId", "Name", "ParentCategoryId") VALUES (11, 1, '大学', NULL);
INSERT INTO "Categories" ("Id", "LanguageId", "Name", "ParentCategoryId") VALUES (12, 1, '950', 1);
INSERT INTO "Categories" ("Id", "LanguageId", "Name", "ParentCategoryId") VALUES (13, 1, '860', 1);
INSERT INTO "Categories" ("Id", "LanguageId", "Name", "ParentCategoryId") VALUES (14, 1, '730', 1);
INSERT INTO "Categories" ("Id", "LanguageId", "Name", "ParentCategoryId") VALUES (15, 1, '600', 1);
INSERT INTO "Categories" ("Id", "LanguageId", "Name", "ParentCategoryId") VALUES (16, 1, '470', 1);
INSERT INTO "Categories" ("Id", "LanguageId", "Name", "ParentCategoryId") VALUES (17, 1, '5級', 2);
INSERT INTO "Categories" ("Id", "LanguageId", "Name", "ParentCategoryId") VALUES (18, 1, '4級', 2);
INSERT INTO "Categories" ("Id", "LanguageId", "Name", "ParentCategoryId") VALUES (19, 1, '3級', 2);
INSERT INTO "Categories" ("Id", "LanguageId", "Name", "ParentCategoryId") VALUES (20, 1, '準2級', 2);
INSERT INTO "Categories" ("Id", "LanguageId", "Name", "ParentCategoryId") VALUES (21, 1, '2級', 2);
INSERT INTO "Categories" ("Id", "LanguageId", "Name", "ParentCategoryId") VALUES (22, 1, '準1級', 2);
INSERT INTO "Categories" ("Id", "LanguageId", "Name", "ParentCategoryId") VALUES (23, 1, '1級', 2);
INSERT INTO "Categories" ("Id", "LanguageId", "Name", "ParentCategoryId") VALUES (24, 1, '350', 1);
INSERT INTO "Categories" ("Id", "LanguageId", "Name", "ParentCategoryId") VALUES (25, 1, '220', 1);
INSERT INTO "Categories" ("Id", "LanguageId", "Name", "ParentCategoryId") VALUES (26, 1, '2年', 5);
INSERT INTO "Categories" ("Id", "LanguageId", "Name", "ParentCategoryId") VALUES (27, 1, 'センター試験対策', 6);
INSERT INTO "Categories" ("Id", "LanguageId", "Name", "ParentCategoryId") VALUES (28, 1, '難関大対策', 6);
INSERT INTO "Categories" ("Id", "LanguageId", "Name", "ParentCategoryId") VALUES (29, 1, '1年', 5);
INSERT INTO "Categories" ("Id", "LanguageId", "Name", "ParentCategoryId") VALUES (30, 1, '3年', 5);
INSERT INTO "Categories" ("Id", "LanguageId", "Name", "ParentCategoryId") VALUES (31, 1, '1年', 4);
INSERT INTO "Categories" ("Id", "LanguageId", "Name", "ParentCategoryId") VALUES (32, 1, '2年', 4);
INSERT INTO "Categories" ("Id", "LanguageId", "Name", "ParentCategoryId") VALUES (33, 1, '3年', 4);

INSERT INTO "PartOfSpeeches" ("Id", "LanguageId", "Name") VALUES (1, 1, '名詞');
INSERT INTO "PartOfSpeeches" ("Id", "LanguageId", "Name") VALUES (2, 1, '動詞');
INSERT INTO "PartOfSpeeches" ("Id", "LanguageId", "Name") VALUES (3, 1, '形容詞');
INSERT INTO "PartOfSpeeches" ("Id", "LanguageId", "Name") VALUES (4, 1, '接続詞');
INSERT INTO "PartOfSpeeches" ("Id", "LanguageId", "Name") VALUES (5, 1, '前置詞');
INSERT INTO "PartOfSpeeches" ("Id", "LanguageId", "Name") VALUES (6, 1, '代名詞');
INSERT INTO "PartOfSpeeches" ("Id", "LanguageId", "Name") VALUES (7, 1, '間投詞');
INSERT INTO "PartOfSpeeches" ("Id", "LanguageId", "Name") VALUES (8, 1, '助動詞');
INSERT INTO "PartOfSpeeches" ("Id", "LanguageId", "Name") VALUES (9, 1, '冠詞');
INSERT INTO "PartOfSpeeches" ("Id", "LanguageId", "Name") VALUES (10, 1, '副詞');
INSERT INTO "PartOfSpeeches" ("Id", "LanguageId", "Name") VALUES (11, 1, '熟語');
INSERT INTO "PartOfSpeeches" ("Id", "LanguageId", "Name") VALUES (12, 2, '形容動詞');

INSERT INTO "Words" ("Id", "LanguageId", "Spelling", "Level") VALUES (1, 1, 'temperature', 2);
INSERT INTO "Words" ("Id", "LanguageId", "Spelling", "Level") VALUES (2, 1, 'temporary', 4);
INSERT INTO "Words" ("Id", "LanguageId", "Spelling", "Level") VALUES (3, 1, 'tempest', 9);
INSERT INTO "Words" ("Id", "LanguageId", "Spelling", "Level") VALUES (4, 1, 'tempura', 13);
INSERT INTO "Words" ("Id", "LanguageId", "Spelling", "Level") VALUES (5, 1, 'random', 4);
INSERT INTO "Words" ("Id", "LanguageId", "Spelling", "Level") VALUES (6, 1, 'valid', 5);
INSERT INTO "Words" ("Id", "LanguageId", "Spelling", "Level") VALUES (7, 1, 'matter', 1);
INSERT INTO "Words" ("Id", "LanguageId", "Spelling", "Level") VALUES (8, 1, 'submit', 3);
INSERT INTO "Words" ("Id", "LanguageId", "Spelling", "Level") VALUES (9, 1, 'prevent', 2);
INSERT INTO "Words" ("Id", "LanguageId", "Spelling", "Level") VALUES (10, 1, 'cryptography', 14);
INSERT INTO "Words" ("Id", "LanguageId", "Spelling", "Level") VALUES (11, 1, 'encrypt', 14);
INSERT INTO "Words" ("Id", "LanguageId", "Spelling", "Level") VALUES (12, 1, 'decode', 12);
INSERT INTO "Words" ("Id", "LanguageId", "Spelling", "Level") VALUES (13, 1, 'authorize', 5);
INSERT INTO "Words" ("Id", "LanguageId", "Spelling", "Level") VALUES (14, 1, 'prior to', 2);
INSERT INTO "Words" ("Id", "LanguageId", "Spelling", "Level") VALUES (15, 1, 'therefore', 2);
INSERT INTO "Words" ("Id", "LanguageId", "Spelling", "Level") VALUES (16, 1, 'will', 1);
INSERT INTO "Words" ("Id", "LanguageId", "Spelling", "Level") VALUES (17, 1, 'hooray', 18);
INSERT INTO "Words" ("Id", "LanguageId", "Spelling", "Level") VALUES (18, 1, 'mine', 1);
INSERT INTO "Words" ("Id", "LanguageId", "Spelling", "Level") VALUES (19, 1, 'despite', 3);
INSERT INTO "Words" ("Id", "LanguageId", "Spelling", "Level") VALUES (20, 1, 'the', 1);
INSERT INTO "Words" ("Id", "LanguageId", "Spelling", "Level") VALUES (21, 1, 'route', 3);
INSERT INTO "Words" ("Id", "LanguageId", "Spelling", "Level") VALUES (1034, 1, 'virtual', NULL);
INSERT INTO "Words" ("Id", "LanguageId", "Spelling", "Level") VALUES (1035, 1, 'vulnerability', NULL);
INSERT INTO "Words" ("Id", "LanguageId", "Spelling", "Level") VALUES (1036, 1, 'authentication', NULL);
INSERT INTO "Words" ("Id", "LanguageId", "Spelling", "Level") VALUES (1037, 1, 'authorization', NULL);
INSERT INTO "Words" ("Id", "LanguageId", "Spelling", "Level") VALUES (1038, 1, 'bandwidth', NULL);
INSERT INTO "Words" ("Id", "LanguageId", "Spelling", "Level") VALUES (1039, 1, 'cache', NULL);
INSERT INTO "Words" ("Id", "LanguageId", "Spelling", "Level") VALUES (1040, 1, 'compile', NULL);
INSERT INTO "Words" ("Id", "LanguageId", "Spelling", "Level") VALUES (1041, 1, 'compression', NULL);
INSERT INTO "Words" ("Id", "LanguageId", "Spelling", "Level") VALUES (1042, 1, 'configuration', NULL);
INSERT INTO "Words" ("Id", "LanguageId", "Spelling", "Level") VALUES (1043, 1, 'connectivity', NULL);
INSERT INTO "Words" ("Id", "LanguageId", "Spelling", "Level") VALUES (1044, 1, 'decryption', NULL);
INSERT INTO "Words" ("Id", "LanguageId", "Spelling", "Level") VALUES (1045, 1, 'deployment', NULL);
INSERT INTO "Words" ("Id", "LanguageId", "Spelling", "Level") VALUES (1046, 1, 'dependency', NULL);
INSERT INTO "Words" ("Id", "LanguageId", "Spelling", "Level") VALUES (1047, 1, 'encryption', NULL);
INSERT INTO "Words" ("Id", "LanguageId", "Spelling", "Level") VALUES (1048, 1, 'endpoint', NULL);
INSERT INTO "Words" ("Id", "LanguageId", "Spelling", "Level") VALUES (1049, 1, 'exception', NULL);
INSERT INTO "Words" ("Id", "LanguageId", "Spelling", "Level") VALUES (1050, 1, 'framework', NULL);
INSERT INTO "Words" ("Id", "LanguageId", "Spelling", "Level") VALUES (1051, 1, 'function', NULL);
INSERT INTO "Words" ("Id", "LanguageId", "Spelling", "Level") VALUES (1052, 1, 'inheritance', NULL);
INSERT INTO "Words" ("Id", "LanguageId", "Spelling", "Level") VALUES (1053, 1, 'iteration', NULL);
INSERT INTO "Words" ("Id", "LanguageId", "Spelling", "Level") VALUES (1054, 1, 'latency', NULL);
INSERT INTO "Words" ("Id", "LanguageId", "Spelling", "Level") VALUES (1055, 1, 'middleware', NULL);
INSERT INTO "Words" ("Id", "LanguageId", "Spelling", "Level") VALUES (1056, 1, 'namespace', NULL);
INSERT INTO "Words" ("Id", "LanguageId", "Spelling", "Level") VALUES (1057, 1, 'node', NULL);
INSERT INTO "Words" ("Id", "LanguageId", "Spelling", "Level") VALUES (1058, 1, 'override', NULL);
INSERT INTO "Words" ("Id", "LanguageId", "Spelling", "Level") VALUES (1059, 1, 'payload', NULL);
INSERT INTO "Words" ("Id", "LanguageId", "Spelling", "Level") VALUES (1060, 1, 'polymorphism', NULL);
INSERT INTO "Words" ("Id", "LanguageId", "Spelling", "Level") VALUES (1061, 1, 'prototype', NULL);
INSERT INTO "Words" ("Id", "LanguageId", "Spelling", "Level") VALUES (1062, 1, 'query', NULL);
INSERT INTO "Words" ("Id", "LanguageId", "Spelling", "Level") VALUES (1063, 1, 'query', NULL);
INSERT INTO "Words" ("Id", "LanguageId", "Spelling", "Level") VALUES (1064, 1, 'recursion', NULL);
INSERT INTO "Words" ("Id", "LanguageId", "Spelling", "Level") VALUES (1065, 1, 'repository', NULL);
INSERT INTO "Words" ("Id", "LanguageId", "Spelling", "Level") VALUES (1066, 1, 'scalability', NULL);
INSERT INTO "Words" ("Id", "LanguageId", "Spelling", "Level") VALUES (1067, 1, 'schema', NULL);
INSERT INTO "Words" ("Id", "LanguageId", "Spelling", "Level") VALUES (1068, 1, 'synchronization', NULL);
INSERT INTO "Words" ("Id", "LanguageId", "Spelling", "Level") VALUES (1069, 1, 'transaction', NULL);
INSERT INTO "Words" ("Id", "LanguageId", "Spelling", "Level") VALUES (1070, 1, 'validation', NULL);
INSERT INTO "Words" ("Id", "LanguageId", "Spelling", "Level") VALUES (1071, 1, 'variable', NULL);
INSERT INTO "Words" ("Id", "LanguageId", "Spelling", "Level") VALUES (1072, 1, 'workflow', NULL);
INSERT INTO "Words" ("Id", "LanguageId", "Spelling", "Level") VALUES (1073, 1, 'abstraction', NULL);
INSERT INTO "Words" ("Id", "LanguageId", "Spelling", "Level") VALUES (1074, 1, 'aggregation', NULL);
INSERT INTO "Words" ("Id", "LanguageId", "Spelling", "Level") VALUES (1075, 1, 'asynchronous', NULL);
INSERT INTO "Words" ("Id", "LanguageId", "Spelling", "Level") VALUES (1076, 1, 'attribute', NULL);
INSERT INTO "Words" ("Id", "LanguageId", "Spelling", "Level") VALUES (1077, 1, 'benchmark', NULL);
INSERT INTO "Words" ("Id", "LanguageId", "Spelling", "Level") VALUES (1078, 1, 'binding', NULL);
INSERT INTO "Words" ("Id", "LanguageId", "Spelling", "Level") VALUES (1079, 1, 'buffer', NULL);
INSERT INTO "Words" ("Id", "LanguageId", "Spelling", "Level") VALUES (1080, 1, 'concurrency', NULL);
INSERT INTO "Words" ("Id", "LanguageId", "Spelling", "Level") VALUES (1081, 1, 'constraint', NULL);
INSERT INTO "Words" ("Id", "LanguageId", "Spelling", "Level") VALUES (1082, 1, 'context', NULL);
INSERT INTO "Words" ("Id", "LanguageId", "Spelling", "Level") VALUES (1083, 1, 'corruption', NULL);
INSERT INTO "Words" ("Id", "LanguageId", "Spelling", "Level") VALUES (1084, 1, 'dispatch', NULL);
INSERT INTO "Words" ("Id", "LanguageId", "Spelling", "Level") VALUES (1085, 1, 'encapsulation', NULL);
INSERT INTO "Words" ("Id", "LanguageId", "Spelling", "Level") VALUES (1086, 1, 'equivalent', NULL);
INSERT INTO "Words" ("Id", "LanguageId", "Spelling", "Level") VALUES (1087, 1, 'execution', NULL);
INSERT INTO "Words" ("Id", "LanguageId", "Spelling", "Level") VALUES (1088, 1, 'exposure', NULL);
INSERT INTO "Words" ("Id", "LanguageId", "Spelling", "Level") VALUES (1089, 1, 'granularity', NULL);
INSERT INTO "Words" ("Id", "LanguageId", "Spelling", "Level") VALUES (1090, 1, 'hashing', NULL);
INSERT INTO "Words" ("Id", "LanguageId", "Spelling", "Level") VALUES (1091, 1, 'heuristic', NULL);
INSERT INTO "Words" ("Id", "LanguageId", "Spelling", "Level") VALUES (1092, 1, 'identifier', NULL);
INSERT INTO "Words" ("Id", "LanguageId", "Spelling", "Level") VALUES (1093, 1, 'implementation', NULL);
INSERT INTO "Words" ("Id", "LanguageId", "Spelling", "Level") VALUES (1094, 1, 'integrity', NULL);
INSERT INTO "Words" ("Id", "LanguageId", "Spelling", "Level") VALUES (1095, 1, 'invocation', NULL);
INSERT INTO "Words" ("Id", "LanguageId", "Spelling", "Level") VALUES (1096, 1, 'localization', NULL);
INSERT INTO "Words" ("Id", "LanguageId", "Spelling", "Level") VALUES (1097, 1, 'logging', NULL);
INSERT INTO "Words" ("Id", "LanguageId", "Spelling", "Level") VALUES (1098, 1, 'normalization', NULL);
INSERT INTO "Words" ("Id", "LanguageId", "Spelling", "Level") VALUES (1099, 1, 'orchestration', NULL);
INSERT INTO "Words" ("Id", "LanguageId", "Spelling", "Level") VALUES (1100, 1, 'parsing', NULL);
INSERT INTO "Words" ("Id", "LanguageId", "Spelling", "Level") VALUES (1101, 1, 'partition', NULL);
INSERT INTO "Words" ("Id", "LanguageId", "Spelling", "Level") VALUES (1102, 1, 'persistence', NULL);
INSERT INTO "Words" ("Id", "LanguageId", "Spelling", "Level") VALUES (1103, 1, 'privilege', NULL);
INSERT INTO "Words" ("Id", "LanguageId", "Spelling", "Level") VALUES (1104, 1, 'profiling', NULL);
INSERT INTO "Words" ("Id", "LanguageId", "Spelling", "Level") VALUES (1105, 1, 'provisioning', NULL);
INSERT INTO "Words" ("Id", "LanguageId", "Spelling", "Level") VALUES (1106, 1, 'redundancy', NULL);
INSERT INTO "Words" ("Id", "LanguageId", "Spelling", "Level") VALUES (1107, 1, 'reflection', NULL);
INSERT INTO "Words" ("Id", "LanguageId", "Spelling", "Level") VALUES (1108, 1, 'replication', NULL);
INSERT INTO "Words" ("Id", "LanguageId", "Spelling", "Level") VALUES (1109, 1, 'resilience', NULL);
INSERT INTO "Words" ("Id", "LanguageId", "Spelling", "Level") VALUES (1110, 1, 'serialization', NULL);
INSERT INTO "Words" ("Id", "LanguageId", "Spelling", "Level") VALUES (1111, 1, 'sharding', NULL);

INSERT INTO "Words" ("Id", "LanguageId", "Spelling", "Level") VALUES (1112, 1, 'signature', NULL);
INSERT INTO "Words" ("Id", "LanguageId", "Spelling", "Level") VALUES (1113, 1, 'transparency', NULL);
INSERT INTO "Words" ("Id", "LanguageId", "Spelling", "Level") VALUES (1114, 1, 'apple', NULL);
INSERT INTO "Words" ("Id", "LanguageId", "Spelling", "Level") VALUES (1115, 1, 'run', NULL);
INSERT INTO "Words" ("Id", "LanguageId", "Spelling", "Level") VALUES (1116, 1, 'happy', NULL);
INSERT INTO "Words" ("Id", "LanguageId", "Spelling", "Level") VALUES (1117, 1, 'quickly', NULL);
INSERT INTO "Words" ("Id", "LanguageId", "Spelling", "Level") VALUES (1118, 1, 'book', NULL);
INSERT INTO "Words" ("Id", "LanguageId", "Spelling", "Level") VALUES (1119, 1, 'eat', NULL);
INSERT INTO "Words" ("Id", "LanguageId", "Spelling", "Level") VALUES (1120, 1, 'beautiful', NULL);
INSERT INTO "Words" ("Id", "LanguageId", "Spelling", "Level") VALUES (1121, 1, 'slowly', NULL);
INSERT INTO "Words" ("Id", "LanguageId", "Spelling", "Level") VALUES (1122, 1, 'cat', NULL);
INSERT INTO "Words" ("Id", "LanguageId", "Spelling", "Level") VALUES (1123, 1, 'jump', NULL);
INSERT INTO "Words" ("Id", "LanguageId", "Spelling", "Level") VALUES (1124, 1, 'big', NULL);
INSERT INTO "Words" ("Id", "LanguageId", "Spelling", "Level") VALUES (1125, 1, 'quietly', NULL);
INSERT INTO "Words" ("Id", "LanguageId", "Spelling", "Level") VALUES (1126, 1, 'dog', NULL);
INSERT INTO "Words" ("Id", "LanguageId", "Spelling", "Level") VALUES (1127, 1, 'write', NULL);
INSERT INTO "Words" ("Id", "LanguageId", "Spelling", "Level") VALUES (1128, 1, 'small', NULL);
INSERT INTO "Words" ("Id", "LanguageId", "Spelling", "Level") VALUES (1129, 1, 'loudly', NULL);
INSERT INTO "Words" ("Id", "LanguageId", "Spelling", "Level") VALUES (1130, 1, 'elephant', NULL);
INSERT INTO "Words" ("Id", "LanguageId", "Spelling", "Level") VALUES (1131, 1, 'read', NULL);
INSERT INTO "Words" ("Id", "LanguageId", "Spelling", "Level") VALUES (1132, 1, 'tall', NULL);
INSERT INTO "Words" ("Id", "LanguageId", "Spelling", "Level") VALUES (1133, 1, 'carefully', NULL);
INSERT INTO "Words" ("Id", "LanguageId", "Spelling", "Level") VALUES (1134, 1, 'fish', NULL);
INSERT INTO "Words" ("Id", "LanguageId", "Spelling", "Level") VALUES (1135, 1, 'swim', NULL);
INSERT INTO "Words" ("Id", "LanguageId", "Spelling", "Level") VALUES (1136, 1, 'short', NULL);
INSERT INTO "Words" ("Id", "LanguageId", "Spelling", "Level") VALUES (1137, 1, 'grape', NULL);
INSERT INTO "Words" ("Id", "LanguageId", "Spelling", "Level") VALUES (1138, 1, 'sing', NULL);
INSERT INTO "Words" ("Id", "LanguageId", "Spelling", "Level") VALUES (1139, 1, 'old', NULL);
INSERT INTO "Words" ("Id", "LanguageId", "Spelling", "Level") VALUES (1140, 1, 'happily', NULL);
INSERT INTO "Words" ("Id", "LanguageId", "Spelling", "Level") VALUES (1141, 1, 'house', NULL);
INSERT INTO "Words" ("Id", "LanguageId", "Spelling", "Level") VALUES (1142, 1, 'dance', NULL);
INSERT INTO "Words" ("Id", "LanguageId", "Spelling", "Level") VALUES (1143, 1, 'new', NULL);
INSERT INTO "Words" ("Id", "LanguageId", "Spelling", "Level") VALUES (1144, 1, 'sadly', NULL);
INSERT INTO "Words" ("Id", "LanguageId", "Spelling", "Level") VALUES (1145, 1, 'ice', NULL);
INSERT INTO "Words" ("Id", "LanguageId", "Spelling", "Level") VALUES (1146, 1, 'young', NULL);
INSERT INTO "Words" ("Id", "LanguageId", "Spelling", "Level") VALUES (1147, 1, 'angrily', NULL);
INSERT INTO "Words" ("Id", "LanguageId", "Spelling", "Level") VALUES (1148, 1, 'juice', NULL);
INSERT INTO "Words" ("Id", "LanguageId", "Spelling", "Level") VALUES (1149, 1, 'talk', NULL);
INSERT INTO "Words" ("Id", "LanguageId", "Spelling", "Level") VALUES (1150, 1, 'hot', NULL);
INSERT INTO "Words" ("Id", "LanguageId", "Spelling", "Level") VALUES (1151, 1, 'easily', NULL);
INSERT INTO "Words" ("Id", "LanguageId", "Spelling", "Level") VALUES (1152, 1, 'kite', NULL);
INSERT INTO "Words" ("Id", "LanguageId", "Spelling", "Level") VALUES (1153, 1, 'listen', NULL);
INSERT INTO "Words" ("Id", "LanguageId", "Spelling", "Level") VALUES (1154, 1, 'cold', NULL);
INSERT INTO "Words" ("Id", "LanguageId", "Spelling", "Level") VALUES (1155, 1, 'hardly', NULL);
INSERT INTO "Words" ("Id", "LanguageId", "Spelling", "Level") VALUES (1156, 1, 'lion', NULL);
INSERT INTO "Words" ("Id", "LanguageId", "Spelling", "Level") VALUES (1157, 1, 'watch', NULL);
INSERT INTO "Words" ("Id", "LanguageId", "Spelling", "Level") VALUES (1158, 1, 'fast', NULL);
INSERT INTO "Words" ("Id", "LanguageId", "Spelling", "Level") VALUES (1159, 1, 'nearly', NULL);
INSERT INTO "Words" ("Id", "LanguageId", "Spelling", "Level") VALUES (1160, 1, 'monkey', NULL);
INSERT INTO "Words" ("Id", "LanguageId", "Spelling", "Level") VALUES (1161, 1, 'play', NULL);
INSERT INTO "Words" ("Id", "LanguageId", "Spelling", "Level") VALUES (1162, 1, 'slow', NULL);
INSERT INTO "Words" ("Id", "LanguageId", "Spelling", "Level") VALUES (1163, 1, 'rarely', NULL);
INSERT INTO "Words" ("Id", "LanguageId", "Spelling", "Level") VALUES (1164, 1, 'notebook', NULL);
INSERT INTO "Words" ("Id", "LanguageId", "Spelling", "Level") VALUES (1165, 1, 'study', NULL);
INSERT INTO "Words" ("Id", "LanguageId", "Spelling", "Level") VALUES (1166, 1, 'bright', NULL);
INSERT INTO "Words" ("Id", "LanguageId", "Spelling", "Level") VALUES (1167, 1, 'often', NULL);
INSERT INTO "Words" ("Id", "LanguageId", "Spelling", "Level") VALUES (1168, 1, 'orange', NULL);
INSERT INTO "Words" ("Id", "LanguageId", "Spelling", "Level") VALUES (1169, 1, 'sleep', NULL);
INSERT INTO "Words" ("Id", "LanguageId", "Spelling", "Level") VALUES (1170, 1, 'dark', NULL);
INSERT INTO "Words" ("Id", "LanguageId", "Spelling", "Level") VALUES (1171, 1, 'sometimes', NULL);
INSERT INTO "Words" ("Id", "LanguageId", "Spelling", "Level") VALUES (1172, 1, 'pencil', NULL);
INSERT INTO "Words" ("Id", "LanguageId", "Spelling", "Level") VALUES (1173, 1, 'open', NULL);
INSERT INTO "Words" ("Id", "LanguageId", "Spelling", "Level") VALUES (1174, 1, 'warm', NULL);
INSERT INTO "Words" ("Id", "LanguageId", "Spelling", "Level") VALUES (1175, 1, 'usually', NULL);
INSERT INTO "Words" ("Id", "LanguageId", "Spelling", "Level") VALUES (1176, 1, 'queen', NULL);
INSERT INTO "Words" ("Id", "LanguageId", "Spelling", "Level") VALUES (1177, 1, 'close', NULL);
INSERT INTO "Words" ("Id", "LanguageId", "Spelling", "Level") VALUES (1178, 1, 'cool', NULL);
INSERT INTO "Words" ("Id", "LanguageId", "Spelling", "Level") VALUES (1179, 1, 'always', NULL);
INSERT INTO "Words" ("Id", "LanguageId", "Spelling", "Level") VALUES (1180, 1, 'rabbit', NULL);
INSERT INTO "Words" ("Id", "LanguageId", "Spelling", "Level") VALUES (1181, 1, 'laugh', NULL);
INSERT INTO "Words" ("Id", "LanguageId", "Spelling", "Level") VALUES (1182, 1, 'soft', NULL);
INSERT INTO "Words" ("Id", "LanguageId", "Spelling", "Level") VALUES (1183, 1, 'never', NULL);
INSERT INTO "Words" ("Id", "LanguageId", "Spelling", "Level") VALUES (1184, 1, 'sun', NULL);
INSERT INTO "Words" ("Id", "LanguageId", "Spelling", "Level") VALUES (1185, 1, 'hard', NULL);
INSERT INTO "Words" ("Id", "LanguageId", "Spelling", "Level") VALUES (1186, 1, 'tiger', NULL);
INSERT INTO "Words" ("Id", "LanguageId", "Spelling", "Level") VALUES (1187, 1, 'umbrella', NULL);
INSERT INTO "Words" ("Id", "LanguageId", "Spelling", "Level") VALUES (1188, 1, 'violin', NULL);
INSERT INTO "Words" ("Id", "LanguageId", "Spelling", "Level") VALUES (1189, 1, 'water', NULL);
INSERT INTO "Words" ("Id", "LanguageId", "Spelling", "Level") VALUES (1190, 1, 'xylophone', NULL);
INSERT INTO "Words" ("Id", "LanguageId", "Spelling", "Level") VALUES (1191, 1, 'yogurt', NULL);
INSERT INTO "Words" ("Id", "LanguageId", "Spelling", "Level") VALUES (1192, 1, 'zebra', NULL);
INSERT INTO "Words" ("Id", "LanguageId", "Spelling", "Level") VALUES (1193, 1, 'ant', NULL);
INSERT INTO "Words" ("Id", "LanguageId", "Spelling", "Level") VALUES (1194, 1, 'ball', NULL);
INSERT INTO "Words" ("Id", "LanguageId", "Spelling", "Level") VALUES (1195, 1, 'car', NULL);
INSERT INTO "Words" ("Id", "LanguageId", "Spelling", "Level") VALUES (1196, 1, 'desk', NULL);
INSERT INTO "Words" ("Id", "LanguageId", "Spelling", "Level") VALUES (1197, 1, 'egg', NULL);
INSERT INTO "Words" ("Id", "LanguageId", "Spelling", "Level") VALUES (1198, 1, 'flower', NULL);
INSERT INTO "Words" ("Id", "LanguageId", "Spelling", "Level") VALUES (1199, 1, 'garden', NULL);
INSERT INTO "Words" ("Id", "LanguageId", "Spelling", "Level") VALUES (1200, 1, 'hat', NULL);
INSERT INTO "Words" ("Id", "LanguageId", "Spelling", "Level") VALUES (1201, 1, 'island', NULL);
INSERT INTO "Words" ("Id", "LanguageId", "Spelling", "Level") VALUES (1202, 1, 'jacket', NULL);
INSERT INTO "Words" ("Id", "LanguageId", "Spelling", "Level") VALUES (1203, 1, 'key', NULL);
INSERT INTO "Words" ("Id", "LanguageId", "Spelling", "Level") VALUES (1204, 1, 'lamp', NULL);
INSERT INTO "Words" ("Id", "LanguageId", "Spelling", "Level") VALUES (1205, 1, 'mountain', NULL);
INSERT INTO "Words" ("Id", "LanguageId", "Spelling", "Level") VALUES (1206, 1, 'nest', NULL);
INSERT INTO "Words" ("Id", "LanguageId", "Spelling", "Level") VALUES (1207, 1, 'ocean', NULL);
INSERT INTO "Words" ("Id", "LanguageId", "Spelling", "Level") VALUES (1208, 1, 'piano', NULL);
INSERT INTO "Words" ("Id", "LanguageId", "Spelling", "Level") VALUES (1209, 1, 'rose', NULL);
INSERT INTO "Words" ("Id", "LanguageId", "Spelling", "Level") VALUES (1210, 1, 'star', NULL);
INSERT INTO "Words" ("Id", "LanguageId", "Spelling", "Level") VALUES (1211, 1, 'tree', NULL);

INSERT INTO "Words" ("Id", "LanguageId", "Spelling", "Level") VALUES (1212, 1, 'vase', NULL);
INSERT INTO "Words" ("Id", "LanguageId", "Spelling", "Level") VALUES (1213, 1, 'window', NULL);
INSERT INTO "Words" ("Id", "LanguageId", "Spelling", "Level") VALUES (1214, 1, 'x-ray', NULL);
INSERT INTO "Words" ("Id", "LanguageId", "Spelling", "Level") VALUES (1215, 1, 'yacht', NULL);
INSERT INTO "Words" ("Id", "LanguageId", "Spelling", "Level") VALUES (1216, 1, 'zoo', NULL);
INSERT INTO "Words" ("Id", "LanguageId", "Spelling", "Level") VALUES (1217, 1, 'airplane', NULL);
INSERT INTO "Words" ("Id", "LanguageId", "Spelling", "Level") VALUES (1218, 1, 'banana', NULL);
INSERT INTO "Words" ("Id", "LanguageId", "Spelling", "Level") VALUES (1219, 1, 'cake', NULL);
INSERT INTO "Words" ("Id", "LanguageId", "Spelling", "Level") VALUES (1220, 1, 'door', NULL);
INSERT INTO "Words" ("Id", "LanguageId", "Spelling", "Level") VALUES (1221, 1, 'activity', NULL);
INSERT INTO "Words" ("Id", "LanguageId", "Spelling", "Level") VALUES (1222, 1, 'believe', NULL);
INSERT INTO "Words" ("Id", "LanguageId", "Spelling", "Level") VALUES (1223, 1, 'careful', NULL);
INSERT INTO "Words" ("Id", "LanguageId", "Spelling", "Level") VALUES (1224, 1, 'adventure', NULL);
INSERT INTO "Words" ("Id", "LanguageId", "Spelling", "Level") VALUES (1225, 1, 'create', NULL);
INSERT INTO "Words" ("Id", "LanguageId", "Spelling", "Level") VALUES (1226, 1, 'difficult', NULL);
INSERT INTO "Words" ("Id", "LanguageId", "Spelling", "Level") VALUES (1227, 1, 'finally', NULL);
INSERT INTO "Words" ("Id", "LanguageId", "Spelling", "Level") VALUES (1228, 1, 'bicycle', NULL);
INSERT INTO "Words" ("Id", "LanguageId", "Spelling", "Level") VALUES (1229, 1, 'discover', NULL);
INSERT INTO "Words" ("Id", "LanguageId", "Spelling", "Level") VALUES (1230, 1, 'exciting', NULL);
INSERT INTO "Words" ("Id", "LanguageId", "Spelling", "Level") VALUES (1231, 1, 'camera', NULL);
INSERT INTO "Words" ("Id", "LanguageId", "Spelling", "Level") VALUES (1232, 1, 'imagine', NULL);
INSERT INTO "Words" ("Id", "LanguageId", "Spelling", "Level") VALUES (1233, 1, 'important', NULL);
INSERT INTO "Words" ("Id", "LanguageId", "Spelling", "Level") VALUES (1234, 1, 'decision', NULL);
INSERT INTO "Words" ("Id", "LanguageId", "Spelling", "Level") VALUES (1235, 1, 'improve', NULL);
INSERT INTO "Words" ("Id", "LanguageId", "Spelling", "Level") VALUES (1236, 1, 'interesting', NULL);
INSERT INTO "Words" ("Id", "LanguageId", "Spelling", "Level") VALUES (1237, 1, 'silently', NULL);
INSERT INTO "Words" ("Id", "LanguageId", "Spelling", "Level") VALUES (1238, 1, 'energy', NULL);
INSERT INTO "Words" ("Id", "LanguageId", "Spelling", "Level") VALUES (1239, 1, 'protect', NULL);
INSERT INTO "Words" ("Id", "LanguageId", "Spelling", "Level") VALUES (1240, 1, 'necessary', NULL);
INSERT INTO "Words" ("Id", "LanguageId", "Spelling", "Level") VALUES (1241, 1, 'suddenly', NULL);
INSERT INTO "Words" ("Id", "LanguageId", "Spelling", "Level") VALUES (1242, 1, 'friendship', NULL);
INSERT INTO "Words" ("Id", "LanguageId", "Spelling", "Level") VALUES (1243, 1, 'remember', NULL);
INSERT INTO "Words" ("Id", "LanguageId", "Spelling", "Level") VALUES (1244, 1, 'possible', NULL);
INSERT INTO "Words" ("Id", "LanguageId", "Spelling", "Level") VALUES (1245, 1, 'suggest', NULL);
INSERT INTO "Words" ("Id", "LanguageId", "Spelling", "Level") VALUES (1246, 1, 'popular', NULL);
INSERT INTO "Words" ("Id", "LanguageId", "Spelling", "Level") VALUES (1247, 1, 'history', NULL);
INSERT INTO "Words" ("Id", "LanguageId", "Spelling", "Level") VALUES (1248, 1, 'understand', NULL);
INSERT INTO "Words" ("Id", "LanguageId", "Spelling", "Level") VALUES (1249, 1, 'quiet', NULL);
INSERT INTO "Words" ("Id", "LanguageId", "Spelling", "Level") VALUES (1250, 1, 'information', NULL);
INSERT INTO "Words" ("Id", "LanguageId", "Spelling", "Level") VALUES (1251, 1, 'visit', NULL);
INSERT INTO "Words" ("Id", "LanguageId", "Spelling", "Level") VALUES (1252, 1, 'journey', NULL);
INSERT INTO "Words" ("Id", "LanguageId", "Spelling", "Level") VALUES (1253, 1, 'famous', NULL);
INSERT INTO "Words" ("Id", "LanguageId", "Spelling", "Level") VALUES (1254, 1, 'knowledge', NULL);
INSERT INTO "Words" ("Id", "LanguageId", "Spelling", "Level") VALUES (1255, 1, 'work', NULL);
INSERT INTO "Words" ("Id", "LanguageId", "Spelling", "Level") VALUES (1256, 1, 'friendly', NULL);
INSERT INTO "Words" ("Id", "LanguageId", "Spelling", "Level") VALUES (1257, 1, 'language', NULL);
INSERT INTO "Words" ("Id", "LanguageId", "Spelling", "Level") VALUES (1258, 1, 'memory', NULL);
INSERT INTO "Words" ("Id", "LanguageId", "Spelling", "Level") VALUES (1259, 1, 'build', NULL);
INSERT INTO "Words" ("Id", "LanguageId", "Spelling", "Level") VALUES (1260, 1, 'nature', NULL);
INSERT INTO "Words" ("Id", "LanguageId", "Spelling", "Level") VALUES (1261, 1, 'choose', NULL);
INSERT INTO "Words" ("Id", "LanguageId", "Spelling", "Level") VALUES (1262, 1, 'opinion', NULL);
INSERT INTO "Words" ("Id", "LanguageId", "Spelling", "Level") VALUES (1263, 1, 'decide', NULL);
INSERT INTO "Words" ("Id", "LanguageId", "Spelling", "Level") VALUES (1264, 1, 'problem', NULL);
INSERT INTO "Words" ("Id", "LanguageId", "Spelling", "Level") VALUES (1265, 1, 'explain', NULL);
INSERT INTO "Words" ("Id", "LanguageId", "Spelling", "Level") VALUES (1266, 1, 'question', NULL);
INSERT INTO "Words" ("Id", "LanguageId", "Spelling", "Level") VALUES (1267, 1, 'follow', NULL);
INSERT INTO "Words" ("Id", "LanguageId", "Spelling", "Level") VALUES (1268, 1, 'reason', NULL);
INSERT INTO "Words" ("Id", "LanguageId", "Spelling", "Level") VALUES (1269, 1, 'happen', NULL);
INSERT INTO "Words" ("Id", "LanguageId", "Spelling", "Level") VALUES (1270, 1, 'science', NULL);
INSERT INTO "Words" ("Id", "LanguageId", "Spelling", "Level") VALUES (1271, 1, 'learn', NULL);
INSERT INTO "Words" ("Id", "LanguageId", "Spelling", "Level") VALUES (1272, 1, 'system', NULL);
INSERT INTO "Words" ("Id", "LanguageId", "Spelling", "Level") VALUES (1273, 1, 'move', NULL);
INSERT INTO "Words" ("Id", "LanguageId", "Spelling", "Level") VALUES (1274, 1, 'technology', NULL);
INSERT INTO "Words" ("Id", "LanguageId", "Spelling", "Level") VALUES (1275, 1, 'need', NULL);
INSERT INTO "Words" ("Id", "LanguageId", "Spelling", "Level") VALUES (1276, 1, 'universe', NULL);
INSERT INTO "Words" ("Id", "LanguageId", "Spelling", "Level") VALUES (1277, 1, 'offer', NULL);
INSERT INTO "Words" ("Id", "LanguageId", "Spelling", "Level") VALUES (1278, 1, 'victory', NULL);
INSERT INTO "Words" ("Id", "LanguageId", "Spelling", "Level") VALUES (1279, 1, 'prepare', NULL);
INSERT INTO "Words" ("Id", "LanguageId", "Spelling", "Level") VALUES (1280, 1, 'weather', NULL);
INSERT INTO "Words" ("Id", "LanguageId", "Spelling", "Level") VALUES (1281, 1, 'receive', NULL);
INSERT INTO "Words" ("Id", "LanguageId", "Spelling", "Level") VALUES (1282, 1, 'youth', NULL);
INSERT INTO "Words" ("Id", "LanguageId", "Spelling", "Level") VALUES (1283, 1, 'ability', NULL);
INSERT INTO "Words" ("Id", "LanguageId", "Spelling", "Level") VALUES (1284, 1, 'balance', NULL);
INSERT INTO "Words" ("Id", "LanguageId", "Spelling", "Level") VALUES (1285, 1, 'challenge', NULL);
INSERT INTO "Words" ("Id", "LanguageId", "Spelling", "Level") VALUES (1286, 1, 'education', NULL);
INSERT INTO "Words" ("Id", "LanguageId", "Spelling", "Level") VALUES (1287, 1, 'freedom', NULL);
INSERT INTO "Words" ("Id", "LanguageId", "Spelling", "Level") VALUES (1288, 1, 'growth', NULL);
INSERT INTO "Words" ("Id", "LanguageId", "Spelling", "Level") VALUES (1289, 1, 'health', NULL);
INSERT INTO "Words" ("Id", "LanguageId", "Spelling", "Level") VALUES (1290, 1, 'idea', NULL);
INSERT INTO "Words" ("Id", "LanguageId", "Spelling", "Level") VALUES (1291, 1, 'achievement', NULL);
INSERT INTO "Words" ("Id", "LanguageId", "Spelling", "Level") VALUES (1292, 1, 'analyze', NULL);
INSERT INTO "Words" ("Id", "LanguageId", "Spelling", "Level") VALUES (1293, 1, 'brilliant', NULL);
INSERT INTO "Words" ("Id", "LanguageId", "Spelling", "Level") VALUES (1294, 1, 'accurately', NULL);
INSERT INTO "Words" ("Id", "LanguageId", "Spelling", "Level") VALUES (1295, 1, 'architecture', NULL);
INSERT INTO "Words" ("Id", "LanguageId", "Spelling", "Level") VALUES (1296, 1, 'communicate', NULL);
INSERT INTO "Words" ("Id", "LanguageId", "Spelling", "Level") VALUES (1297, 1, 'complex', NULL);
INSERT INTO "Words" ("Id", "LanguageId", "Spelling", "Level") VALUES (1298, 1, 'briefly', NULL);
INSERT INTO "Words" ("Id", "LanguageId", "Spelling", "Level") VALUES (1299, 1, 'biology', NULL);
INSERT INTO "Words" ("Id", "LanguageId", "Spelling", "Level") VALUES (1300, 1, 'demonstrate', NULL);
INSERT INTO "Words" ("Id", "LanguageId", "Spelling", "Level") VALUES (1301, 1, 'efficient', NULL);
INSERT INTO "Words" ("Id", "LanguageId", "Spelling", "Level") VALUES (1302, 1, 'constantly', NULL);
INSERT INTO "Words" ("Id", "LanguageId", "Spelling", "Level") VALUES (1303, 1, 'chemistry', NULL);
INSERT INTO "Words" ("Id", "LanguageId", "Spelling", "Level") VALUES (1304, 1, 'evaluate', NULL);
INSERT INTO "Words" ("Id", "LanguageId", "Spelling", "Level") VALUES (1305, 1, 'frequent', NULL);
INSERT INTO "Words" ("Id", "LanguageId", "Spelling", "Level") VALUES (1306, 1, 'eventually', NULL);
INSERT INTO "Words" ("Id", "LanguageId", "Spelling", "Level") VALUES (1307, 1, 'economics', NULL);
INSERT INTO "Words" ("Id", "LanguageId", "Spelling", "Level") VALUES (1308, 1, 'explore', NULL);
INSERT INTO "Words" ("Id", "LanguageId", "Spelling", "Level") VALUES (1309, 1, 'generous', NULL);
INSERT INTO "Words" ("Id", "LanguageId", "Spelling", "Level") VALUES (1310, 1, 'gradually', NULL);
INSERT INTO "Words" ("Id", "LanguageId", "Spelling", "Level") VALUES (1311, 1, 'geography', NULL);

INSERT INTO "Words" ("Id", "LanguageId", "Spelling", "Level") VALUES (1312, 1, 'identify', NULL);
INSERT INTO "Words" ("Id", "LanguageId", "Spelling", "Level") VALUES (1313, 1, 'logical', NULL);
INSERT INTO "Words" ("Id", "LanguageId", "Spelling", "Level") VALUES (1314, 1, 'immediately', NULL);
INSERT INTO "Words" ("Id", "LanguageId", "Spelling", "Level") VALUES (1315, 1, 'illustrate', NULL);
INSERT INTO "Words" ("Id", "LanguageId", "Spelling", "Level") VALUES (1316, 1, 'massive', NULL);
INSERT INTO "Words" ("Id", "LanguageId", "Spelling", "Level") VALUES (1317, 1, 'instantly', NULL);
INSERT INTO "Words" ("Id", "LanguageId", "Spelling", "Level") VALUES (1318, 1, 'literature', NULL);
INSERT INTO "Words" ("Id", "LanguageId", "Spelling", "Level") VALUES (1319, 1, 'investigate', NULL);
INSERT INTO "Words" ("Id", "LanguageId", "Spelling", "Level") VALUES (1320, 1, 'numerous', NULL);
INSERT INTO "Words" ("Id", "LanguageId", "Spelling", "Level") VALUES (1321, 1, 'naturally', NULL);
INSERT INTO "Words" ("Id", "LanguageId", "Spelling", "Level") VALUES (1322, 1, 'mathematics', NULL);
INSERT INTO "Words" ("Id", "LanguageId", "Spelling", "Level") VALUES (1323, 1, 'maintain', NULL);
INSERT INTO "Words" ("Id", "LanguageId", "Spelling", "Level") VALUES (1324, 1, 'obvious', NULL);
INSERT INTO "Words" ("Id", "LanguageId", "Spelling", "Level") VALUES (1325, 1, 'occasionally', NULL);
INSERT INTO "Words" ("Id", "LanguageId", "Spelling", "Level") VALUES (1326, 1, 'philosophy', NULL);
INSERT INTO "Words" ("Id", "LanguageId", "Spelling", "Level") VALUES (1327, 1, 'observe', NULL);
INSERT INTO "Words" ("Id", "LanguageId", "Spelling", "Level") VALUES (1328, 1, 'precise', NULL);
INSERT INTO "Words" ("Id", "LanguageId", "Spelling", "Level") VALUES (1329, 1, 'particularly', NULL);
INSERT INTO "Words" ("Id", "LanguageId", "Spelling", "Level") VALUES (1330, 1, 'physics', NULL);
INSERT INTO "Words" ("Id", "LanguageId", "Spelling", "Level") VALUES (1331, 1, 'participate', NULL);
INSERT INTO "Words" ("Id", "LanguageId", "Spelling", "Level") VALUES (1332, 1, 'significant', NULL);
INSERT INTO "Words" ("Id", "LanguageId", "Spelling", "Level") VALUES (1333, 1, 'primarily', NULL);
INSERT INTO "Words" ("Id", "LanguageId", "Spelling", "Level") VALUES (1334, 1, 'psychology', NULL);
INSERT INTO "Words" ("Id", "LanguageId", "Spelling", "Level") VALUES (1335, 1, 'predict', NULL);
INSERT INTO "Words" ("Id", "LanguageId", "Spelling", "Level") VALUES (1336, 1, 'sufficient', NULL);
INSERT INTO "Words" ("Id", "LanguageId", "Spelling", "Level") VALUES (1337, 1, 'relatively', NULL);
INSERT INTO "Words" ("Id", "LanguageId", "Spelling", "Level") VALUES (1338, 1, 'sociology', NULL);
INSERT INTO "Words" ("Id", "LanguageId", "Spelling", "Level") VALUES (1339, 1, 'recommend', NULL);
INSERT INTO "Words" ("Id", "LanguageId", "Spelling", "Level") VALUES (1340, 1, 'typical', NULL);
INSERT INTO "Words" ("Id", "LanguageId", "Spelling", "Level") VALUES (1341, 1, 'similarly', NULL);
INSERT INTO "Words" ("Id", "LanguageId", "Spelling", "Level") VALUES (1342, 1, 'require', NULL);
INSERT INTO "Words" ("Id", "LanguageId", "Spelling", "Level") VALUES (1343, 1, 'unique', NULL);
INSERT INTO "Words" ("Id", "LanguageId", "Spelling", "Level") VALUES (1344, 1, 'specifically', NULL);
INSERT INTO "Words" ("Id", "LanguageId", "Spelling", "Level") VALUES (1345, 1, 'theory', NULL);
INSERT INTO "Words" ("Id", "LanguageId", "Spelling", "Level") VALUES (1346, 1, 'solve', NULL);
INSERT INTO "Words" ("Id", "LanguageId", "Spelling", "Level") VALUES (1347, 1, 'various', NULL);
INSERT INTO "Words" ("Id", "LanguageId", "Spelling", "Level") VALUES (1348, 1, 'ultimately', NULL);
INSERT INTO "Words" ("Id", "LanguageId", "Spelling", "Level") VALUES (1349, 1, 'achieve', NULL);
INSERT INTO "Words" ("Id", "LanguageId", "Spelling", "Level") VALUES (1350, 1, 'valuable', NULL);
INSERT INTO "Words" ("Id", "LanguageId", "Spelling", "Level") VALUES (1351, 1, 'unexpectedly', NULL);
INSERT INTO "Words" ("Id", "LanguageId", "Spelling", "Level") VALUES (1352, 1, 'environment', NULL);
INSERT INTO "Words" ("Id", "LanguageId", "Spelling", "Level") VALUES (1353, 1, 'adapt', NULL);
INSERT INTO "Words" ("Id", "LanguageId", "Spelling", "Level") VALUES (1354, 1, 'visible', NULL);
INSERT INTO "Words" ("Id", "LanguageId", "Spelling", "Level") VALUES (1355, 1, 'unfortunately', NULL);
INSERT INTO "Words" ("Id", "LanguageId", "Spelling", "Level") VALUES (1356, 1, 'government', NULL);
INSERT INTO "Words" ("Id", "LanguageId", "Spelling", "Level") VALUES (1357, 1, 'assume', NULL);
INSERT INTO "Words" ("Id", "LanguageId", "Spelling", "Level") VALUES (1358, 1, 'vital', NULL);
INSERT INTO "Words" ("Id", "LanguageId", "Spelling", "Level") VALUES (1359, 1, 'essentially', NULL);
INSERT INTO "Words" ("Id", "LanguageId", "Spelling", "Level") VALUES (1360, 1, 'industry', NULL);
INSERT INTO "Words" ("Id", "LanguageId", "Spelling", "Level") VALUES (1361, 1, 'attempt', NULL);
INSERT INTO "Words" ("Id", "LanguageId", "Spelling", "Level") VALUES (1362, 1, 'accurate', NULL);
INSERT INTO "Words" ("Id", "LanguageId", "Spelling", "Level") VALUES (1363, 1, 'frequently', NULL);
INSERT INTO "Words" ("Id", "LanguageId", "Spelling", "Level") VALUES (1364, 1, 'population', NULL);
INSERT INTO "Words" ("Id", "LanguageId", "Spelling", "Level") VALUES (1365, 1, 'conclude', NULL);
INSERT INTO "Words" ("Id", "LanguageId", "Spelling", "Level") VALUES (1366, 1, 'adequate', NULL);
INSERT INTO "Words" ("Id", "LanguageId", "Spelling", "Level") VALUES (1367, 1, 'society', NULL);
INSERT INTO "Words" ("Id", "LanguageId", "Spelling", "Level") VALUES (1368, 1, 'contribute', NULL);
INSERT INTO "Words" ("Id", "LanguageId", "Spelling", "Level") VALUES (1369, 1, 'apparent', NULL);
INSERT INTO "Words" ("Id", "LanguageId", "Spelling", "Level") VALUES (1370, 1, 'determine', NULL);
INSERT INTO "Words" ("Id", "LanguageId", "Spelling", "Level") VALUES (1371, 1, 'consistent', NULL);
INSERT INTO "Words" ("Id", "LanguageId", "Spelling", "Level") VALUES (1372, 1, 'tradition', NULL);
INSERT INTO "Words" ("Id", "LanguageId", "Spelling", "Level") VALUES (1373, 1, 'develop', NULL);
INSERT INTO "Words" ("Id", "LanguageId", "Spelling", "Level") VALUES (1374, 1, 'university', NULL);
INSERT INTO "Words" ("Id", "LanguageId", "Spelling", "Level") VALUES (1375, 1, 'enhance', NULL);
INSERT INTO "Words" ("Id", "LanguageId", "Spelling", "Level") VALUES (1376, 1, 'community', NULL);
INSERT INTO "Words" ("Id", "LanguageId", "Spelling", "Level") VALUES (1377, 1, 'establish', NULL);
INSERT INTO "Words" ("Id", "LanguageId", "Spelling", "Level") VALUES (1378, 1, 'expand', NULL);
INSERT INTO "Words" ("Id", "LanguageId", "Spelling", "Level") VALUES (1379, 1, 'implement', NULL);

INSERT INTO "Definitions" ("Id", "WordId", "PartOfSpeechId", "Meaning") VALUES (1, 1, 1, '温度、気温、体温');
INSERT INTO "Definitions" ("Id", "WordId", "PartOfSpeechId", "Meaning") VALUES (2, 2, 3, '一時の');
INSERT INTO "Definitions" ("Id", "WordId", "PartOfSpeechId", "Meaning") VALUES (3, 3, 1, '大あらし、騒動');
INSERT INTO "Definitions" ("Id", "WordId", "PartOfSpeechId", "Meaning") VALUES (4, 4, 1, '天ぷら');
INSERT INTO "Definitions" ("Id", "WordId", "PartOfSpeechId", "Meaning") VALUES (5, 5, 3, 'でたらめの');
INSERT INTO "Definitions" ("Id", "WordId", "PartOfSpeechId", "Meaning") VALUES (6, 6, 3, '有効な、妥当な');
INSERT INTO "Definitions" ("Id", "WordId", "PartOfSpeechId", "Meaning") VALUES (7, 7, 2, '重要である');
INSERT INTO "Definitions" ("Id", "WordId", "PartOfSpeechId", "Meaning") VALUES (8, 7, 1, '問題、事柄');
INSERT INTO "Definitions" ("Id", "WordId", "PartOfSpeechId", "Meaning") VALUES (9, 8, 2, '提出する');
INSERT INTO "Definitions" ("Id", "WordId", "PartOfSpeechId", "Meaning") VALUES (10, 8, 2, '〔…に〕服従する');
INSERT INTO "Definitions" ("Id", "WordId", "PartOfSpeechId", "Meaning") VALUES (11, 9, 2, '予防する');
INSERT INTO "Definitions" ("Id", "WordId", "PartOfSpeechId", "Meaning") VALUES (12, 10, 1, '暗号法');
INSERT INTO "Definitions" ("Id", "WordId", "PartOfSpeechId", "Meaning") VALUES (13, 11, 2, '暗号化する');
INSERT INTO "Definitions" ("Id", "WordId", "PartOfSpeechId", "Meaning") VALUES (14, 12, 2, '平文に直す');
INSERT INTO "Definitions" ("Id", "WordId", "PartOfSpeechId", "Meaning") VALUES (15, 13, 2, '権威を与える');
INSERT INTO "Definitions" ("Id", "WordId", "PartOfSpeechId", "Meaning") VALUES (16, 14, 11, '…より前に、より先に');
INSERT INTO "Definitions" ("Id", "WordId", "PartOfSpeechId", "Meaning") VALUES (17, 15, 10, 'したがって');
INSERT INTO "Definitions" ("Id", "WordId", "PartOfSpeechId", "Meaning") VALUES (18, 16, 8, '...だろう');
INSERT INTO "Definitions" ("Id", "WordId", "PartOfSpeechId", "Meaning") VALUES (19, 16, 1, '遺言');
INSERT INTO "Definitions" ("Id", "WordId", "PartOfSpeechId", "Meaning") VALUES (20, 17, 7, 'よいやよいや');
INSERT INTO "Definitions" ("Id", "WordId", "PartOfSpeechId", "Meaning") VALUES (21, 18, 6, '私のもの');
INSERT INTO "Definitions" ("Id", "WordId", "PartOfSpeechId", "Meaning") VALUES (22, 18, 1, '鉱山');
INSERT INTO "Definitions" ("Id", "WordId", "PartOfSpeechId", "Meaning") VALUES (23, 19, 5, '...にもかかわらず');
INSERT INTO "Definitions" ("Id", "WordId", "PartOfSpeechId", "Meaning") VALUES (24, 20, 9, 'その');
INSERT INTO "Definitions" ("Id", "WordId", "PartOfSpeechId", "Meaning") VALUES (25, 21, 1, '道');
INSERT INTO "Definitions" ("Id", "WordId", "PartOfSpeechId", "Meaning") VALUES (26, 21, 2, '発送する');
INSERT INTO "Definitions" ("Id", "WordId", "PartOfSpeechId", "Meaning") VALUES (1039, 1034, 3, '仮想の');
INSERT INTO "Definitions" ("Id", "WordId", "PartOfSpeechId", "Meaning") VALUES (1040, 1035, 1, '脆弱性');
INSERT INTO "Definitions" ("Id", "WordId", "PartOfSpeechId", "Meaning") VALUES (1041, 1036, 1, '認証');
INSERT INTO "Definitions" ("Id", "WordId", "PartOfSpeechId", "Meaning") VALUES (1042, 1037, 1, '認可');
INSERT INTO "Definitions" ("Id", "WordId", "PartOfSpeechId", "Meaning") VALUES (1043, 1038, 1, '帯域幅');
INSERT INTO "Definitions" ("Id", "WordId", "PartOfSpeechId", "Meaning") VALUES (1044, 1039, 1, '一時保存');
INSERT INTO "Definitions" ("Id", "WordId", "PartOfSpeechId", "Meaning") VALUES (1045, 1040, 2, '一つにまとめる');
INSERT INTO "Definitions" ("Id", "WordId", "PartOfSpeechId", "Meaning") VALUES (1046, 1041, 1, '圧縮');
INSERT INTO "Definitions" ("Id", "WordId", "PartOfSpeechId", "Meaning") VALUES (1047, 1042, 1, '構成');
INSERT INTO "Definitions" ("Id", "WordId", "PartOfSpeechId", "Meaning") VALUES (1048, 1043, 1, '接続性');
INSERT INTO "Definitions" ("Id", "WordId", "PartOfSpeechId", "Meaning") VALUES (1049, 1044, 1, '復号化');
INSERT INTO "Definitions" ("Id", "WordId", "PartOfSpeechId", "Meaning") VALUES (1050, 1045, 1, '展開');
INSERT INTO "Definitions" ("Id", "WordId", "PartOfSpeechId", "Meaning") VALUES (1051, 1046, 1, '依存関係');
INSERT INTO "Definitions" ("Id", "WordId", "PartOfSpeechId", "Meaning") VALUES (1052, 1047, 1, '暗号化');
INSERT INTO "Definitions" ("Id", "WordId", "PartOfSpeechId", "Meaning") VALUES (1053, 1048, 1, '終点');
INSERT INTO "Definitions" ("Id", "WordId", "PartOfSpeechId", "Meaning") VALUES (1054, 1049, 1, '例外');
INSERT INTO "Definitions" ("Id", "WordId", "PartOfSpeechId", "Meaning") VALUES (1055, 1050, 1, '枠組み');
INSERT INTO "Definitions" ("Id", "WordId", "PartOfSpeechId", "Meaning") VALUES (1056, 1051, 1, '関数');
INSERT INTO "Definitions" ("Id", "WordId", "PartOfSpeechId", "Meaning") VALUES (1057, 1052, 1, '継承');
INSERT INTO "Definitions" ("Id", "WordId", "PartOfSpeechId", "Meaning") VALUES (1058, 1053, 1, '反復');
INSERT INTO "Definitions" ("Id", "WordId", "PartOfSpeechId", "Meaning") VALUES (1059, 1054, 1, '遅延');
INSERT INTO "Definitions" ("Id", "WordId", "PartOfSpeechId", "Meaning") VALUES (1060, 1055, 1, '中間層');
INSERT INTO "Definitions" ("Id", "WordId", "PartOfSpeechId", "Meaning") VALUES (1061, 1056, 1, '名前空間');
INSERT INTO "Definitions" ("Id", "WordId", "PartOfSpeechId", "Meaning") VALUES (1062, 1057, 1, '節');
INSERT INTO "Definitions" ("Id", "WordId", "PartOfSpeechId", "Meaning") VALUES (1063, 1058, 2, '上書きする');
INSERT INTO "Definitions" ("Id", "WordId", "PartOfSpeechId", "Meaning") VALUES (1064, 1059, 1, '有効搭載量');
INSERT INTO "Definitions" ("Id", "WordId", "PartOfSpeechId", "Meaning") VALUES (1065, 1060, 1, '多態性');
INSERT INTO "Definitions" ("Id", "WordId", "PartOfSpeechId", "Meaning") VALUES (1066, 1061, 1, '試作模型');
INSERT INTO "Definitions" ("Id", "WordId", "PartOfSpeechId", "Meaning") VALUES (1067, 1062, 1, '問い合わせ');
INSERT INTO "Definitions" ("Id", "WordId", "PartOfSpeechId", "Meaning") VALUES (1068, 1063, 2, '問い合わせる');
INSERT INTO "Definitions" ("Id", "WordId", "PartOfSpeechId", "Meaning") VALUES (1069, 1064, 1, '再帰');
INSERT INTO "Definitions" ("Id", "WordId", "PartOfSpeechId", "Meaning") VALUES (1070, 1065, 1, '貯蔵所');
INSERT INTO "Definitions" ("Id", "WordId", "PartOfSpeechId", "Meaning") VALUES (1071, 1066, 1, '拡張性');
INSERT INTO "Definitions" ("Id", "WordId", "PartOfSpeechId", "Meaning") VALUES (1072, 1067, 1, '図式');
INSERT INTO "Definitions" ("Id", "WordId", "PartOfSpeechId", "Meaning") VALUES (1073, 1068, 1, '同期');
INSERT INTO "Definitions" ("Id", "WordId", "PartOfSpeechId", "Meaning") VALUES (1074, 1069, 1, '取引');
INSERT INTO "Definitions" ("Id", "WordId", "PartOfSpeechId", "Meaning") VALUES (1075, 1070, 1, '検証');
INSERT INTO "Definitions" ("Id", "WordId", "PartOfSpeechId", "Meaning") VALUES (1076, 1071, 1, '変数');
INSERT INTO "Definitions" ("Id", "WordId", "PartOfSpeechId", "Meaning") VALUES (1077, 1072, 1, '作業工程');
INSERT INTO "Definitions" ("Id", "WordId", "PartOfSpeechId", "Meaning") VALUES (1078, 1073, 1, '抽象化');
INSERT INTO "Definitions" ("Id", "WordId", "PartOfSpeechId", "Meaning") VALUES (1079, 1074, 1, '集約');
INSERT INTO "Definitions" ("Id", "WordId", "PartOfSpeechId", "Meaning") VALUES (1080, 1075, 3, '非同期の');
INSERT INTO "Definitions" ("Id", "WordId", "PartOfSpeechId", "Meaning") VALUES (1081, 1076, 1, '属性');
INSERT INTO "Definitions" ("Id", "WordId", "PartOfSpeechId", "Meaning") VALUES (1082, 1077, 1, '基準');
INSERT INTO "Definitions" ("Id", "WordId", "PartOfSpeechId", "Meaning") VALUES (1083, 1078, 1, '結合');
INSERT INTO "Definitions" ("Id", "WordId", "PartOfSpeechId", "Meaning") VALUES (1084, 1079, 1, '緩衝');
INSERT INTO "Definitions" ("Id", "WordId", "PartOfSpeechId", "Meaning") VALUES (1085, 1080, 1, '同時性');
INSERT INTO "Definitions" ("Id", "WordId", "PartOfSpeechId", "Meaning") VALUES (1086, 1081, 1, '制約');
INSERT INTO "Definitions" ("Id", "WordId", "PartOfSpeechId", "Meaning") VALUES (1087, 1082, 1, '文脈');
INSERT INTO "Definitions" ("Id", "WordId", "PartOfSpeechId", "Meaning") VALUES (1088, 1083, 1, '破損');
INSERT INTO "Definitions" ("Id", "WordId", "PartOfSpeechId", "Meaning") VALUES (1089, 1084, 1, '分配');
INSERT INTO "Definitions" ("Id", "WordId", "PartOfSpeechId", "Meaning") VALUES (1090, 1085, 1, 'カプセル化');
INSERT INTO "Definitions" ("Id", "WordId", "PartOfSpeechId", "Meaning") VALUES (1091, 1086, 3, '同等の');
INSERT INTO "Definitions" ("Id", "WordId", "PartOfSpeechId", "Meaning") VALUES (1092, 1087, 1, '実行');
INSERT INTO "Definitions" ("Id", "WordId", "PartOfSpeechId", "Meaning") VALUES (1093, 1088, 1, '露出');
INSERT INTO "Definitions" ("Id", "WordId", "PartOfSpeechId", "Meaning") VALUES (1094, 1089, 1, '粒度');
INSERT INTO "Definitions" ("Id", "WordId", "PartOfSpeechId", "Meaning") VALUES (1095, 1090, 1, 'ハッシュ化');
INSERT INTO "Definitions" ("Id", "WordId", "PartOfSpeechId", "Meaning") VALUES (1096, 1091, 3, '経験則的な');
INSERT INTO "Definitions" ("Id", "WordId", "PartOfSpeechId", "Meaning") VALUES (1097, 1092, 1, '識別子');
INSERT INTO "Definitions" ("Id", "WordId", "PartOfSpeechId", "Meaning") VALUES (1098, 1093, 1, '実装');
INSERT INTO "Definitions" ("Id", "WordId", "PartOfSpeechId", "Meaning") VALUES (1099, 1094, 1, '完全性');
INSERT INTO "Definitions" ("Id", "WordId", "PartOfSpeechId", "Meaning") VALUES (1100, 1095, 1, '呼び出し');
INSERT INTO "Definitions" ("Id", "WordId", "PartOfSpeechId", "Meaning") VALUES (1101, 1096, 1, '局在化');
INSERT INTO "Definitions" ("Id", "WordId", "PartOfSpeechId", "Meaning") VALUES (1102, 1097, 1, '記録');
INSERT INTO "Definitions" ("Id", "WordId", "PartOfSpeechId", "Meaning") VALUES (1103, 1098, 1, '正規化');
INSERT INTO "Definitions" ("Id", "WordId", "PartOfSpeechId", "Meaning") VALUES (1104, 1099, 1, '調整');
INSERT INTO "Definitions" ("Id", "WordId", "PartOfSpeechId", "Meaning") VALUES (1105, 1100, 1, '構文解析');
INSERT INTO "Definitions" ("Id", "WordId", "PartOfSpeechId", "Meaning") VALUES (1106, 1101, 1, '区分');
INSERT INTO "Definitions" ("Id", "WordId", "PartOfSpeechId", "Meaning") VALUES (1107, 1102, 1, '永続性');
INSERT INTO "Definitions" ("Id", "WordId", "PartOfSpeechId", "Meaning") VALUES (1108, 1103, 1, '特権');
INSERT INTO "Definitions" ("Id", "WordId", "PartOfSpeechId", "Meaning") VALUES (1109, 1104, 1, '性能分析');
INSERT INTO "Definitions" ("Id", "WordId", "PartOfSpeechId", "Meaning") VALUES (1110, 1105, 1, '供給');
INSERT INTO "Definitions" ("Id", "WordId", "PartOfSpeechId", "Meaning") VALUES (1111, 1106, 1, '冗長性');

INSERT INTO "Definitions" ("Id", "WordId", "PartOfSpeechId", "Meaning") VALUES (1112, 1107, 1, '反射');
INSERT INTO "Definitions" ("Id", "WordId", "PartOfSpeechId", "Meaning") VALUES (1113, 1108, 1, '複製');
INSERT INTO "Definitions" ("Id", "WordId", "PartOfSpeechId", "Meaning") VALUES (1114, 1109, 1, '回復力');
INSERT INTO "Definitions" ("Id", "WordId", "PartOfSpeechId", "Meaning") VALUES (1115, 1110, 1, '直列化');
INSERT INTO "Definitions" ("Id", "WordId", "PartOfSpeechId", "Meaning") VALUES (1116, 1111, 1, '分割');
INSERT INTO "Definitions" ("Id", "WordId", "PartOfSpeechId", "Meaning") VALUES (1117, 1112, 1, '署名');
INSERT INTO "Definitions" ("Id", "WordId", "PartOfSpeechId", "Meaning") VALUES (1118, 1113, 1, '透明性');
INSERT INTO "Definitions" ("Id", "WordId", "PartOfSpeechId", "Meaning") VALUES (1119, 1114, 1, 'りんご');
INSERT INTO "Definitions" ("Id", "WordId", "PartOfSpeechId", "Meaning") VALUES (1120, 1115, 2, '走る');
INSERT INTO "Definitions" ("Id", "WordId", "PartOfSpeechId", "Meaning") VALUES (1121, 1116, 3, '幸せな');
INSERT INTO "Definitions" ("Id", "WordId", "PartOfSpeechId", "Meaning") VALUES (1122, 1117, 10, '速く');
INSERT INTO "Definitions" ("Id", "WordId", "PartOfSpeechId", "Meaning") VALUES (1123, 1118, 1, '本');
INSERT INTO "Definitions" ("Id", "WordId", "PartOfSpeechId", "Meaning") VALUES (1124, 1119, 2, '食べる');
INSERT INTO "Definitions" ("Id", "WordId", "PartOfSpeechId", "Meaning") VALUES (1125, 1120, 3, '美しい');
INSERT INTO "Definitions" ("Id", "WordId", "PartOfSpeechId", "Meaning") VALUES (1126, 1121, 10, 'ゆっくり');
INSERT INTO "Definitions" ("Id", "WordId", "PartOfSpeechId", "Meaning") VALUES (1127, 1122, 1, '猫');
INSERT INTO "Definitions" ("Id", "WordId", "PartOfSpeechId", "Meaning") VALUES (1128, 1123, 2, '跳ぶ');
INSERT INTO "Definitions" ("Id", "WordId", "PartOfSpeechId", "Meaning") VALUES (1129, 1124, 3, '大きい');
INSERT INTO "Definitions" ("Id", "WordId", "PartOfSpeechId", "Meaning") VALUES (1130, 1125, 10, '静かに');
INSERT INTO "Definitions" ("Id", "WordId", "PartOfSpeechId", "Meaning") VALUES (1131, 1126, 1, '犬');
INSERT INTO "Definitions" ("Id", "WordId", "PartOfSpeechId", "Meaning") VALUES (1132, 1127, 2, '書く');
INSERT INTO "Definitions" ("Id", "WordId", "PartOfSpeechId", "Meaning") VALUES (1133, 1128, 3, '小さい');
INSERT INTO "Definitions" ("Id", "WordId", "PartOfSpeechId", "Meaning") VALUES (1134, 1129, 10, '大声で');
INSERT INTO "Definitions" ("Id", "WordId", "PartOfSpeechId", "Meaning") VALUES (1135, 1130, 1, '象');
INSERT INTO "Definitions" ("Id", "WordId", "PartOfSpeechId", "Meaning") VALUES (1136, 1131, 2, '読む');
INSERT INTO "Definitions" ("Id", "WordId", "PartOfSpeechId", "Meaning") VALUES (1137, 1132, 3, '高い');
INSERT INTO "Definitions" ("Id", "WordId", "PartOfSpeechId", "Meaning") VALUES (1138, 1133, 10, '注意深く');
INSERT INTO "Definitions" ("Id", "WordId", "PartOfSpeechId", "Meaning") VALUES (1139, 1134, 1, '魚');
INSERT INTO "Definitions" ("Id", "WordId", "PartOfSpeechId", "Meaning") VALUES (1140, 1135, 2, '泳ぐ');
INSERT INTO "Definitions" ("Id", "WordId", "PartOfSpeechId", "Meaning") VALUES (1141, 1136, 3, '短い');
INSERT INTO "Definitions" ("Id", "WordId", "PartOfSpeechId", "Meaning") VALUES (1142, 1137, 1, 'ぶどう');
INSERT INTO "Definitions" ("Id", "WordId", "PartOfSpeechId", "Meaning") VALUES (1143, 1138, 2, '歌う');
INSERT INTO "Definitions" ("Id", "WordId", "PartOfSpeechId", "Meaning") VALUES (1144, 1139, 3, '古い');
INSERT INTO "Definitions" ("Id", "WordId", "PartOfSpeechId", "Meaning") VALUES (1145, 1140, 10, '幸せに');
INSERT INTO "Definitions" ("Id", "WordId", "PartOfSpeechId", "Meaning") VALUES (1146, 1141, 1, '家');
INSERT INTO "Definitions" ("Id", "WordId", "PartOfSpeechId", "Meaning") VALUES (1147, 1142, 2, '踊る');
INSERT INTO "Definitions" ("Id", "WordId", "PartOfSpeechId", "Meaning") VALUES (1148, 1143, 3, '新しい');
INSERT INTO "Definitions" ("Id", "WordId", "PartOfSpeechId", "Meaning") VALUES (1149, 1144, 10, '悲しそうに');
INSERT INTO "Definitions" ("Id", "WordId", "PartOfSpeechId", "Meaning") VALUES (1150, 1145, 1, '氷');
INSERT INTO "Definitions" ("Id", "WordId", "PartOfSpeechId", "Meaning") VALUES (1151, 1146, 3, '若い');
INSERT INTO "Definitions" ("Id", "WordId", "PartOfSpeechId", "Meaning") VALUES (1152, 1147, 10, '怒って');
INSERT INTO "Definitions" ("Id", "WordId", "PartOfSpeechId", "Meaning") VALUES (1153, 1148, 1, 'ジュース');
INSERT INTO "Definitions" ("Id", "WordId", "PartOfSpeechId", "Meaning") VALUES (1154, 1149, 2, '話す');
INSERT INTO "Definitions" ("Id", "WordId", "PartOfSpeechId", "Meaning") VALUES (1155, 1150, 3, '暑い');
INSERT INTO "Definitions" ("Id", "WordId", "PartOfSpeechId", "Meaning") VALUES (1156, 1151, 10, '簡単に');
INSERT INTO "Definitions" ("Id", "WordId", "PartOfSpeechId", "Meaning") VALUES (1157, 1152, 1, '凧');
INSERT INTO "Definitions" ("Id", "WordId", "PartOfSpeechId", "Meaning") VALUES (1158, 1153, 2, '聞く');
INSERT INTO "Definitions" ("Id", "WordId", "PartOfSpeechId", "Meaning") VALUES (1159, 1154, 3, '寒い');
INSERT INTO "Definitions" ("Id", "WordId", "PartOfSpeechId", "Meaning") VALUES (1160, 1155, 10, 'ほとんど～ない');
INSERT INTO "Definitions" ("Id", "WordId", "PartOfSpeechId", "Meaning") VALUES (1161, 1156, 1, 'ライオン');
INSERT INTO "Definitions" ("Id", "WordId", "PartOfSpeechId", "Meaning") VALUES (1162, 1157, 2, '見る');
INSERT INTO "Definitions" ("Id", "WordId", "PartOfSpeechId", "Meaning") VALUES (1163, 1158, 3, '速い');
INSERT INTO "Definitions" ("Id", "WordId", "PartOfSpeechId", "Meaning") VALUES (1164, 1159, 10, 'ほとんど');
INSERT INTO "Definitions" ("Id", "WordId", "PartOfSpeechId", "Meaning") VALUES (1165, 1160, 1, '猿');
INSERT INTO "Definitions" ("Id", "WordId", "PartOfSpeechId", "Meaning") VALUES (1166, 1161, 2, '遊ぶ');
INSERT INTO "Definitions" ("Id", "WordId", "PartOfSpeechId", "Meaning") VALUES (1167, 1162, 3, '遅い');
INSERT INTO "Definitions" ("Id", "WordId", "PartOfSpeechId", "Meaning") VALUES (1168, 1163, 10, 'めったに～ない');
INSERT INTO "Definitions" ("Id", "WordId", "PartOfSpeechId", "Meaning") VALUES (1169, 1164, 1, 'ノート');
INSERT INTO "Definitions" ("Id", "WordId", "PartOfSpeechId", "Meaning") VALUES (1170, 1165, 2, '勉強する');
INSERT INTO "Definitions" ("Id", "WordId", "PartOfSpeechId", "Meaning") VALUES (1171, 1166, 3, '明るい');
INSERT INTO "Definitions" ("Id", "WordId", "PartOfSpeechId", "Meaning") VALUES (1172, 1167, 10, 'しばしば');
INSERT INTO "Definitions" ("Id", "WordId", "PartOfSpeechId", "Meaning") VALUES (1173, 1168, 1, 'オレンジ');
INSERT INTO "Definitions" ("Id", "WordId", "PartOfSpeechId", "Meaning") VALUES (1174, 1169, 2, '眠る');
INSERT INTO "Definitions" ("Id", "WordId", "PartOfSpeechId", "Meaning") VALUES (1175, 1170, 3, '暗い');
INSERT INTO "Definitions" ("Id", "WordId", "PartOfSpeechId", "Meaning") VALUES (1176, 1171, 10, '時々');
INSERT INTO "Definitions" ("Id", "WordId", "PartOfSpeechId", "Meaning") VALUES (1177, 1172, 1, '鉛筆');
INSERT INTO "Definitions" ("Id", "WordId", "PartOfSpeechId", "Meaning") VALUES (1178, 1173, 2, '開ける');
INSERT INTO "Definitions" ("Id", "WordId", "PartOfSpeechId", "Meaning") VALUES (1179, 1174, 3, '暖かい');
INSERT INTO "Definitions" ("Id", "WordId", "PartOfSpeechId", "Meaning") VALUES (1180, 1175, 10, '通常');
INSERT INTO "Definitions" ("Id", "WordId", "PartOfSpeechId", "Meaning") VALUES (1181, 1176, 1, '女王');
INSERT INTO "Definitions" ("Id", "WordId", "PartOfSpeechId", "Meaning") VALUES (1182, 1177, 2, '閉じる');
INSERT INTO "Definitions" ("Id", "WordId", "PartOfSpeechId", "Meaning") VALUES (1183, 1178, 3, '涼しい');
INSERT INTO "Definitions" ("Id", "WordId", "PartOfSpeechId", "Meaning") VALUES (1184, 1179, 10, 'いつも');
INSERT INTO "Definitions" ("Id", "WordId", "PartOfSpeechId", "Meaning") VALUES (1185, 1180, 1, 'うさぎ');
INSERT INTO "Definitions" ("Id", "WordId", "PartOfSpeechId", "Meaning") VALUES (1186, 1181, 2, '笑う');
INSERT INTO "Definitions" ("Id", "WordId", "PartOfSpeechId", "Meaning") VALUES (1187, 1182, 3, '柔らかい');
INSERT INTO "Definitions" ("Id", "WordId", "PartOfSpeechId", "Meaning") VALUES (1188, 1183, 10, '決して～ない');
INSERT INTO "Definitions" ("Id", "WordId", "PartOfSpeechId", "Meaning") VALUES (1189, 1184, 1, '太陽');
INSERT INTO "Definitions" ("Id", "WordId", "PartOfSpeechId", "Meaning") VALUES (1190, 1185, 3, '硬い');
INSERT INTO "Definitions" ("Id", "WordId", "PartOfSpeechId", "Meaning") VALUES (1191, 1186, 1, '虎');
INSERT INTO "Definitions" ("Id", "WordId", "PartOfSpeechId", "Meaning") VALUES (1192, 1187, 1, '傘');
INSERT INTO "Definitions" ("Id", "WordId", "PartOfSpeechId", "Meaning") VALUES (1193, 1188, 1, 'バイオリン');
INSERT INTO "Definitions" ("Id", "WordId", "PartOfSpeechId", "Meaning") VALUES (1194, 1189, 1, '水');
INSERT INTO "Definitions" ("Id", "WordId", "PartOfSpeechId", "Meaning") VALUES (1195, 1190, 1, '木琴');
INSERT INTO "Definitions" ("Id", "WordId", "PartOfSpeechId", "Meaning") VALUES (1196, 1191, 1, 'ヨーグルト');
INSERT INTO "Definitions" ("Id", "WordId", "PartOfSpeechId", "Meaning") VALUES (1197, 1192, 1, 'シマウマ');
INSERT INTO "Definitions" ("Id", "WordId", "PartOfSpeechId", "Meaning") VALUES (1198, 1193, 1, 'アリ');
INSERT INTO "Definitions" ("Id", "WordId", "PartOfSpeechId", "Meaning") VALUES (1199, 1194, 1, 'ボール');
INSERT INTO "Definitions" ("Id", "WordId", "PartOfSpeechId", "Meaning") VALUES (1200, 1195, 1, '車');
INSERT INTO "Definitions" ("Id", "WordId", "PartOfSpeechId", "Meaning") VALUES (1201, 1196, 1, '机');
INSERT INTO "Definitions" ("Id", "WordId", "PartOfSpeechId", "Meaning") VALUES (1202, 1197, 1, '卵');
INSERT INTO "Definitions" ("Id", "WordId", "PartOfSpeechId", "Meaning") VALUES (1203, 1198, 1, '花');
INSERT INTO "Definitions" ("Id", "WordId", "PartOfSpeechId", "Meaning") VALUES (1204, 1199, 1, '庭');
INSERT INTO "Definitions" ("Id", "WordId", "PartOfSpeechId", "Meaning") VALUES (1205, 1200, 1, '帽子');
INSERT INTO "Definitions" ("Id", "WordId", "PartOfSpeechId", "Meaning") VALUES (1206, 1201, 1, '島');
INSERT INTO "Definitions" ("Id", "WordId", "PartOfSpeechId", "Meaning") VALUES (1207, 1202, 1, 'ジャケット');
INSERT INTO "Definitions" ("Id", "WordId", "PartOfSpeechId", "Meaning") VALUES (1208, 1203, 1, '鍵');
INSERT INTO "Definitions" ("Id", "WordId", "PartOfSpeechId", "Meaning") VALUES (1209, 1204, 1, 'ランプ');
INSERT INTO "Definitions" ("Id", "WordId", "PartOfSpeechId", "Meaning") VALUES (1210, 1205, 1, '山');
INSERT INTO "Definitions" ("Id", "WordId", "PartOfSpeechId", "Meaning") VALUES (1211, 1206, 1, '巣');

INSERT INTO "Definitions" ("Id", "WordId", "PartOfSpeechId", "Meaning") VALUES (1212, 1207, 1, '海');
INSERT INTO "Definitions" ("Id", "WordId", "PartOfSpeechId", "Meaning") VALUES (1213, 1208, 1, 'ピアノ');
INSERT INTO "Definitions" ("Id", "WordId", "PartOfSpeechId", "Meaning") VALUES (1214, 1209, 1, 'バラ');
INSERT INTO "Definitions" ("Id", "WordId", "PartOfSpeechId", "Meaning") VALUES (1215, 1210, 1, '星');
INSERT INTO "Definitions" ("Id", "WordId", "PartOfSpeechId", "Meaning") VALUES (1216, 1211, 1, '木');
INSERT INTO "Definitions" ("Id", "WordId", "PartOfSpeechId", "Meaning") VALUES (1217, 1212, 1, '花瓶');
INSERT INTO "Definitions" ("Id", "WordId", "PartOfSpeechId", "Meaning") VALUES (1218, 1213, 1, '窓');
INSERT INTO "Definitions" ("Id", "WordId", "PartOfSpeechId", "Meaning") VALUES (1219, 1214, 1, 'エックス線');
INSERT INTO "Definitions" ("Id", "WordId", "PartOfSpeechId", "Meaning") VALUES (1220, 1215, 1, 'ヨット');
INSERT INTO "Definitions" ("Id", "WordId", "PartOfSpeechId", "Meaning") VALUES (1221, 1216, 1, '動物園');
INSERT INTO "Definitions" ("Id", "WordId", "PartOfSpeechId", "Meaning") VALUES (1222, 1217, 1, '飛行機');
INSERT INTO "Definitions" ("Id", "WordId", "PartOfSpeechId", "Meaning") VALUES (1223, 1218, 1, 'バナナ');
INSERT INTO "Definitions" ("Id", "WordId", "PartOfSpeechId", "Meaning") VALUES (1224, 1219, 1, 'ケーキ');
INSERT INTO "Definitions" ("Id", "WordId", "PartOfSpeechId", "Meaning") VALUES (1225, 1220, 1, 'ドア');
INSERT INTO "Definitions" ("Id", "WordId", "PartOfSpeechId", "Meaning") VALUES (1226, 1221, 1, '活動');
INSERT INTO "Definitions" ("Id", "WordId", "PartOfSpeechId", "Meaning") VALUES (1227, 1222, 2, '信じる');
INSERT INTO "Definitions" ("Id", "WordId", "PartOfSpeechId", "Meaning") VALUES (1228, 1223, 3, '注意深い');
INSERT INTO "Definitions" ("Id", "WordId", "PartOfSpeechId", "Meaning") VALUES (1229, 1224, 1, '冒険');
INSERT INTO "Definitions" ("Id", "WordId", "PartOfSpeechId", "Meaning") VALUES (1230, 1225, 2, '作る');
INSERT INTO "Definitions" ("Id", "WordId", "PartOfSpeechId", "Meaning") VALUES (1231, 1226, 3, '難しい');
INSERT INTO "Definitions" ("Id", "WordId", "PartOfSpeechId", "Meaning") VALUES (1232, 1227, 10, 'ついに');
INSERT INTO "Definitions" ("Id", "WordId", "PartOfSpeechId", "Meaning") VALUES (1233, 1228, 1, '自転車');
INSERT INTO "Definitions" ("Id", "WordId", "PartOfSpeechId", "Meaning") VALUES (1234, 1229, 2, '発見する');
INSERT INTO "Definitions" ("Id", "WordId", "PartOfSpeechId", "Meaning") VALUES (1235, 1230, 3, 'わくわくする');
INSERT INTO "Definitions" ("Id", "WordId", "PartOfSpeechId", "Meaning") VALUES (1236, 1231, 1, 'カメラ');
INSERT INTO "Definitions" ("Id", "WordId", "PartOfSpeechId", "Meaning") VALUES (1237, 1232, 2, '想像する');
INSERT INTO "Definitions" ("Id", "WordId", "PartOfSpeechId", "Meaning") VALUES (1238, 1233, 3, '重要な');
INSERT INTO "Definitions" ("Id", "WordId", "PartOfSpeechId", "Meaning") VALUES (1239, 1234, 1, '決定');
INSERT INTO "Definitions" ("Id", "WordId", "PartOfSpeechId", "Meaning") VALUES (1240, 1235, 2, '改善する');
INSERT INTO "Definitions" ("Id", "WordId", "PartOfSpeechId", "Meaning") VALUES (1241, 1236, 3, '面白い');
INSERT INTO "Definitions" ("Id", "WordId", "PartOfSpeechId", "Meaning") VALUES (1242, 1237, 10, '静かに');
INSERT INTO "Definitions" ("Id", "WordId", "PartOfSpeechId", "Meaning") VALUES (1243, 1238, 1, 'エネルギー');
INSERT INTO "Definitions" ("Id", "WordId", "PartOfSpeechId", "Meaning") VALUES (1244, 1239, 2, '守る');
INSERT INTO "Definitions" ("Id", "WordId", "PartOfSpeechId", "Meaning") VALUES (1245, 1240, 3, '必要な');
INSERT INTO "Definitions" ("Id", "WordId", "PartOfSpeechId", "Meaning") VALUES (1246, 1241, 10, '突然');
INSERT INTO "Definitions" ("Id", "WordId", "PartOfSpeechId", "Meaning") VALUES (1247, 1242, 1, '友情');
INSERT INTO "Definitions" ("Id", "WordId", "PartOfSpeechId", "Meaning") VALUES (1248, 1243, 2, '覚えている');
INSERT INTO "Definitions" ("Id", "WordId", "PartOfSpeechId", "Meaning") VALUES (1249, 1244, 3, '可能な');
INSERT INTO "Definitions" ("Id", "WordId", "PartOfSpeechId", "Meaning") VALUES (1250, 1245, 2, '提案する');
INSERT INTO "Definitions" ("Id", "WordId", "PartOfSpeechId", "Meaning") VALUES (1251, 1246, 3, '人気のある');
INSERT INTO "Definitions" ("Id", "WordId", "PartOfSpeechId", "Meaning") VALUES (1252, 1247, 1, '歴史');
INSERT INTO "Definitions" ("Id", "WordId", "PartOfSpeechId", "Meaning") VALUES (1253, 1248, 2, '理解する');
INSERT INTO "Definitions" ("Id", "WordId", "PartOfSpeechId", "Meaning") VALUES (1254, 1249, 3, '静かな');
INSERT INTO "Definitions" ("Id", "WordId", "PartOfSpeechId", "Meaning") VALUES (1255, 1250, 1, '情報');
INSERT INTO "Definitions" ("Id", "WordId", "PartOfSpeechId", "Meaning") VALUES (1256, 1251, 2, '訪れる');
INSERT INTO "Definitions" ("Id", "WordId", "PartOfSpeechId", "Meaning") VALUES (1257, 1252, 1, '旅');
INSERT INTO "Definitions" ("Id", "WordId", "PartOfSpeechId", "Meaning") VALUES (1258, 1253, 3, '有名な');
INSERT INTO "Definitions" ("Id", "WordId", "PartOfSpeechId", "Meaning") VALUES (1259, 1254, 1, '知識');
INSERT INTO "Definitions" ("Id", "WordId", "PartOfSpeechId", "Meaning") VALUES (1260, 1255, 2, '働く');
INSERT INTO "Definitions" ("Id", "WordId", "PartOfSpeechId", "Meaning") VALUES (1261, 1256, 3, '友好的な');
INSERT INTO "Definitions" ("Id", "WordId", "PartOfSpeechId", "Meaning") VALUES (1262, 1257, 1, '言語');
INSERT INTO "Definitions" ("Id", "WordId", "PartOfSpeechId", "Meaning") VALUES (1263, 1258, 1, '記憶');
INSERT INTO "Definitions" ("Id", "WordId", "PartOfSpeechId", "Meaning") VALUES (1264, 1259, 2, '建てる');
INSERT INTO "Definitions" ("Id", "WordId", "PartOfSpeechId", "Meaning") VALUES (1265, 1260, 1, '自然');
INSERT INTO "Definitions" ("Id", "WordId", "PartOfSpeechId", "Meaning") VALUES (1266, 1261, 2, '選ぶ');
INSERT INTO "Definitions" ("Id", "WordId", "PartOfSpeechId", "Meaning") VALUES (1267, 1262, 1, '意見');
INSERT INTO "Definitions" ("Id", "WordId", "PartOfSpeechId", "Meaning") VALUES (1268, 1263, 2, '決める');
INSERT INTO "Definitions" ("Id", "WordId", "PartOfSpeechId", "Meaning") VALUES (1269, 1264, 1, '問題');
INSERT INTO "Definitions" ("Id", "WordId", "PartOfSpeechId", "Meaning") VALUES (1270, 1265, 2, '説明する');
INSERT INTO "Definitions" ("Id", "WordId", "PartOfSpeechId", "Meaning") VALUES (1271, 1266, 1, '質問');
INSERT INTO "Definitions" ("Id", "WordId", "PartOfSpeechId", "Meaning") VALUES (1272, 1267, 2, '従う');
INSERT INTO "Definitions" ("Id", "WordId", "PartOfSpeechId", "Meaning") VALUES (1273, 1268, 1, '理由');
INSERT INTO "Definitions" ("Id", "WordId", "PartOfSpeechId", "Meaning") VALUES (1274, 1269, 2, '起こる');
INSERT INTO "Definitions" ("Id", "WordId", "PartOfSpeechId", "Meaning") VALUES (1275, 1270, 1, '科学');
INSERT INTO "Definitions" ("Id", "WordId", "PartOfSpeechId", "Meaning") VALUES (1276, 1271, 2, '学ぶ');
INSERT INTO "Definitions" ("Id", "WordId", "PartOfSpeechId", "Meaning") VALUES (1277, 1272, 1, 'システム');
INSERT INTO "Definitions" ("Id", "WordId", "PartOfSpeechId", "Meaning") VALUES (1278, 1273, 2, '動く');
INSERT INTO "Definitions" ("Id", "WordId", "PartOfSpeechId", "Meaning") VALUES (1279, 1274, 1, '技術');
INSERT INTO "Definitions" ("Id", "WordId", "PartOfSpeechId", "Meaning") VALUES (1280, 1275, 2, '必要とする');
INSERT INTO "Definitions" ("Id", "WordId", "PartOfSpeechId", "Meaning") VALUES (1281, 1276, 1, '宇宙');
INSERT INTO "Definitions" ("Id", "WordId", "PartOfSpeechId", "Meaning") VALUES (1282, 1277, 2, '提供する');
INSERT INTO "Definitions" ("Id", "WordId", "PartOfSpeechId", "Meaning") VALUES (1283, 1278, 1, '勝利');
INSERT INTO "Definitions" ("Id", "WordId", "PartOfSpeechId", "Meaning") VALUES (1284, 1279, 2, '準備する');
INSERT INTO "Definitions" ("Id", "WordId", "PartOfSpeechId", "Meaning") VALUES (1285, 1280, 1, '天気');
INSERT INTO "Definitions" ("Id", "WordId", "PartOfSpeechId", "Meaning") VALUES (1286, 1281, 2, '受け取る');
INSERT INTO "Definitions" ("Id", "WordId", "PartOfSpeechId", "Meaning") VALUES (1287, 1282, 1, '若者');
INSERT INTO "Definitions" ("Id", "WordId", "PartOfSpeechId", "Meaning") VALUES (1288, 1283, 1, '能力');
INSERT INTO "Definitions" ("Id", "WordId", "PartOfSpeechId", "Meaning") VALUES (1289, 1284, 1, 'バランス');
INSERT INTO "Definitions" ("Id", "WordId", "PartOfSpeechId", "Meaning") VALUES (1290, 1285, 1, '挑戦');
INSERT INTO "Definitions" ("Id", "WordId", "PartOfSpeechId", "Meaning") VALUES (1291, 1286, 1, '教育');
INSERT INTO "Definitions" ("Id", "WordId", "PartOfSpeechId", "Meaning") VALUES (1292, 1287, 1, '自由');
INSERT INTO "Definitions" ("Id", "WordId", "PartOfSpeechId", "Meaning") VALUES (1293, 1288, 1, '成長');
INSERT INTO "Definitions" ("Id", "WordId", "PartOfSpeechId", "Meaning") VALUES (1294, 1289, 1, '健康');
INSERT INTO "Definitions" ("Id", "WordId", "PartOfSpeechId", "Meaning") VALUES (1295, 1290, 1, 'アイデア');
INSERT INTO "Definitions" ("Id", "WordId", "PartOfSpeechId", "Meaning") VALUES (1296, 1291, 1, '達成');
INSERT INTO "Definitions" ("Id", "WordId", "PartOfSpeechId", "Meaning") VALUES (1297, 1292, 2, '分析する');
INSERT INTO "Definitions" ("Id", "WordId", "PartOfSpeechId", "Meaning") VALUES (1298, 1293, 3, '素晴らしい');
INSERT INTO "Definitions" ("Id", "WordId", "PartOfSpeechId", "Meaning") VALUES (1299, 1294, 10, '正確に');
INSERT INTO "Definitions" ("Id", "WordId", "PartOfSpeechId", "Meaning") VALUES (1300, 1295, 1, '建築');
INSERT INTO "Definitions" ("Id", "WordId", "PartOfSpeechId", "Meaning") VALUES (1301, 1296, 2, '伝える');
INSERT INTO "Definitions" ("Id", "WordId", "PartOfSpeechId", "Meaning") VALUES (1302, 1297, 3, '複雑な');
INSERT INTO "Definitions" ("Id", "WordId", "PartOfSpeechId", "Meaning") VALUES (1303, 1298, 10, '簡潔に');
INSERT INTO "Definitions" ("Id", "WordId", "PartOfSpeechId", "Meaning") VALUES (1304, 1299, 1, '生物学');
INSERT INTO "Definitions" ("Id", "WordId", "PartOfSpeechId", "Meaning") VALUES (1305, 1300, 2, '実証する');
INSERT INTO "Definitions" ("Id", "WordId", "PartOfSpeechId", "Meaning") VALUES (1306, 1301, 3, '効率的な');
INSERT INTO "Definitions" ("Id", "WordId", "PartOfSpeechId", "Meaning") VALUES (1307, 1302, 10, '絶えず');
INSERT INTO "Definitions" ("Id", "WordId", "PartOfSpeechId", "Meaning") VALUES (1308, 1303, 1, '化学');
INSERT INTO "Definitions" ("Id", "WordId", "PartOfSpeechId", "Meaning") VALUES (1309, 1304, 2, '評価する');
INSERT INTO "Definitions" ("Id", "WordId", "PartOfSpeechId", "Meaning") VALUES (1310, 1305, 3, '頻繁な');
INSERT INTO "Definitions" ("Id", "WordId", "PartOfSpeechId", "Meaning") VALUES (1311, 1306, 10, '最終的に');

INSERT INTO "Definitions" ("Id", "WordId", "PartOfSpeechId", "Meaning") VALUES (1312, 1307, 1, '経済学');
INSERT INTO "Definitions" ("Id", "WordId", "PartOfSpeechId", "Meaning") VALUES (1313, 1308, 2, '探検する');
INSERT INTO "Definitions" ("Id", "WordId", "PartOfSpeechId", "Meaning") VALUES (1314, 1309, 3, '寛大な');
INSERT INTO "Definitions" ("Id", "WordId", "PartOfSpeechId", "Meaning") VALUES (1315, 1310, 10, '徐々に');
INSERT INTO "Definitions" ("Id", "WordId", "PartOfSpeechId", "Meaning") VALUES (1316, 1311, 1, '地理');
INSERT INTO "Definitions" ("Id", "WordId", "PartOfSpeechId", "Meaning") VALUES (1317, 1312, 2, '識別する');
INSERT INTO "Definitions" ("Id", "WordId", "PartOfSpeechId", "Meaning") VALUES (1318, 1313, 3, '論理的な');
INSERT INTO "Definitions" ("Id", "WordId", "PartOfSpeechId", "Meaning") VALUES (1319, 1314, 10, '直ちに');
INSERT INTO "Definitions" ("Id", "WordId", "PartOfSpeechId", "Meaning") VALUES (1320, 1315, 2, '説明する');
INSERT INTO "Definitions" ("Id", "WordId", "PartOfSpeechId", "Meaning") VALUES (1321, 1316, 3, '巨大な');
INSERT INTO "Definitions" ("Id", "WordId", "PartOfSpeechId", "Meaning") VALUES (1322, 1317, 10, '即座に');
INSERT INTO "Definitions" ("Id", "WordId", "PartOfSpeechId", "Meaning") VALUES (1323, 1318, 1, '文学');
INSERT INTO "Definitions" ("Id", "WordId", "PartOfSpeechId", "Meaning") VALUES (1324, 1319, 2, '調査する');
INSERT INTO "Definitions" ("Id", "WordId", "PartOfSpeechId", "Meaning") VALUES (1325, 1320, 3, '多数の');
INSERT INTO "Definitions" ("Id", "WordId", "PartOfSpeechId", "Meaning") VALUES (1326, 1321, 10, '自然に');
INSERT INTO "Definitions" ("Id", "WordId", "PartOfSpeechId", "Meaning") VALUES (1327, 1322, 1, '数学');
INSERT INTO "Definitions" ("Id", "WordId", "PartOfSpeechId", "Meaning") VALUES (1328, 1323, 2, '維持する');
INSERT INTO "Definitions" ("Id", "WordId", "PartOfSpeechId", "Meaning") VALUES (1329, 1324, 3, '明らかな');
INSERT INTO "Definitions" ("Id", "WordId", "PartOfSpeechId", "Meaning") VALUES (1330, 1325, 10, '時折');
INSERT INTO "Definitions" ("Id", "WordId", "PartOfSpeechId", "Meaning") VALUES (1331, 1326, 1, '哲学');
INSERT INTO "Definitions" ("Id", "WordId", "PartOfSpeechId", "Meaning") VALUES (1332, 1327, 2, '観察する');
INSERT INTO "Definitions" ("Id", "WordId", "PartOfSpeechId", "Meaning") VALUES (1333, 1328, 3, '正確な');
INSERT INTO "Definitions" ("Id", "WordId", "PartOfSpeechId", "Meaning") VALUES (1334, 1329, 10, '特に');
INSERT INTO "Definitions" ("Id", "WordId", "PartOfSpeechId", "Meaning") VALUES (1335, 1330, 1, '物理学');
INSERT INTO "Definitions" ("Id", "WordId", "PartOfSpeechId", "Meaning") VALUES (1336, 1331, 2, '参加する');
INSERT INTO "Definitions" ("Id", "WordId", "PartOfSpeechId", "Meaning") VALUES (1337, 1332, 3, '重要な');
INSERT INTO "Definitions" ("Id", "WordId", "PartOfSpeechId", "Meaning") VALUES (1338, 1333, 10, '主に');
INSERT INTO "Definitions" ("Id", "WordId", "PartOfSpeechId", "Meaning") VALUES (1339, 1334, 1, '心理学');
INSERT INTO "Definitions" ("Id", "WordId", "PartOfSpeechId", "Meaning") VALUES (1340, 1335, 2, '予測する');
INSERT INTO "Definitions" ("Id", "WordId", "PartOfSpeechId", "Meaning") VALUES (1341, 1336, 3, '十分な');
INSERT INTO "Definitions" ("Id", "WordId", "PartOfSpeechId", "Meaning") VALUES (1342, 1337, 10, '比較的');
INSERT INTO "Definitions" ("Id", "WordId", "PartOfSpeechId", "Meaning") VALUES (1343, 1338, 1, '社会学');
INSERT INTO "Definitions" ("Id", "WordId", "PartOfSpeechId", "Meaning") VALUES (1344, 1339, 2, '推薦する');
INSERT INTO "Definitions" ("Id", "WordId", "PartOfSpeechId", "Meaning") VALUES (1345, 1340, 3, '典型的な');
INSERT INTO "Definitions" ("Id", "WordId", "PartOfSpeechId", "Meaning") VALUES (1346, 1341, 10, '同様に');
INSERT INTO "Definitions" ("Id", "WordId", "PartOfSpeechId", "Meaning") VALUES (1347, 1342, 2, '必要とする');
INSERT INTO "Definitions" ("Id", "WordId", "PartOfSpeechId", "Meaning") VALUES (1348, 1343, 3, '独特の');
INSERT INTO "Definitions" ("Id", "WordId", "PartOfSpeechId", "Meaning") VALUES (1349, 1344, 10, '具体的に');
INSERT INTO "Definitions" ("Id", "WordId", "PartOfSpeechId", "Meaning") VALUES (1350, 1345, 1, '理論');
INSERT INTO "Definitions" ("Id", "WordId", "PartOfSpeechId", "Meaning") VALUES (1351, 1346, 2, '解決する');
INSERT INTO "Definitions" ("Id", "WordId", "PartOfSpeechId", "Meaning") VALUES (1352, 1347, 3, '様々な');
INSERT INTO "Definitions" ("Id", "WordId", "PartOfSpeechId", "Meaning") VALUES (1353, 1348, 10, '最終的に');
INSERT INTO "Definitions" ("Id", "WordId", "PartOfSpeechId", "Meaning") VALUES (1354, 1349, 2, '達成する');
INSERT INTO "Definitions" ("Id", "WordId", "PartOfSpeechId", "Meaning") VALUES (1355, 1350, 3, '価値のある');
INSERT INTO "Definitions" ("Id", "WordId", "PartOfSpeechId", "Meaning") VALUES (1356, 1351, 10, '予期せず');
INSERT INTO "Definitions" ("Id", "WordId", "PartOfSpeechId", "Meaning") VALUES (1357, 1352, 1, '環境');
INSERT INTO "Definitions" ("Id", "WordId", "PartOfSpeechId", "Meaning") VALUES (1358, 1353, 2, '適応する');
INSERT INTO "Definitions" ("Id", "WordId", "PartOfSpeechId", "Meaning") VALUES (1359, 1354, 3, '目に見える');
INSERT INTO "Definitions" ("Id", "WordId", "PartOfSpeechId", "Meaning") VALUES (1360, 1355, 10, '残念ながら');
INSERT INTO "Definitions" ("Id", "WordId", "PartOfSpeechId", "Meaning") VALUES (1361, 1356, 1, '政府');
INSERT INTO "Definitions" ("Id", "WordId", "PartOfSpeechId", "Meaning") VALUES (1362, 1357, 2, '仮定する');
INSERT INTO "Definitions" ("Id", "WordId", "PartOfSpeechId", "Meaning") VALUES (1363, 1358, 3, '不可欠な');
INSERT INTO "Definitions" ("Id", "WordId", "PartOfSpeechId", "Meaning") VALUES (1364, 1359, 10, '本質的に');
INSERT INTO "Definitions" ("Id", "WordId", "PartOfSpeechId", "Meaning") VALUES (1365, 1360, 1, '産業');
INSERT INTO "Definitions" ("Id", "WordId", "PartOfSpeechId", "Meaning") VALUES (1366, 1361, 2, '試みる');
INSERT INTO "Definitions" ("Id", "WordId", "PartOfSpeechId", "Meaning") VALUES (1367, 1362, 3, '正確な');
INSERT INTO "Definitions" ("Id", "WordId", "PartOfSpeechId", "Meaning") VALUES (1368, 1363, 10, '頻繁に');
INSERT INTO "Definitions" ("Id", "WordId", "PartOfSpeechId", "Meaning") VALUES (1369, 1364, 1, '人口');
INSERT INTO "Definitions" ("Id", "WordId", "PartOfSpeechId", "Meaning") VALUES (1370, 1365, 2, '結論づける');
INSERT INTO "Definitions" ("Id", "WordId", "PartOfSpeechId", "Meaning") VALUES (1371, 1366, 3, '適切な');
INSERT INTO "Definitions" ("Id", "WordId", "PartOfSpeechId", "Meaning") VALUES (1372, 1367, 1, '社会');
INSERT INTO "Definitions" ("Id", "WordId", "PartOfSpeechId", "Meaning") VALUES (1373, 1368, 2, '貢献する');
INSERT INTO "Definitions" ("Id", "WordId", "PartOfSpeechId", "Meaning") VALUES (1374, 1369, 3, '明白な');
INSERT INTO "Definitions" ("Id", "WordId", "PartOfSpeechId", "Meaning") VALUES (1375, 1370, 2, '決定する');
INSERT INTO "Definitions" ("Id", "WordId", "PartOfSpeechId", "Meaning") VALUES (1376, 1371, 3, '一貫した');
INSERT INTO "Definitions" ("Id", "WordId", "PartOfSpeechId", "Meaning") VALUES (1377, 1372, 1, '伝統');
INSERT INTO "Definitions" ("Id", "WordId", "PartOfSpeechId", "Meaning") VALUES (1378, 1373, 2, '発展する');
INSERT INTO "Definitions" ("Id", "WordId", "PartOfSpeechId", "Meaning") VALUES (1379, 1374, 1, '大学');
INSERT INTO "Definitions" ("Id", "WordId", "PartOfSpeechId", "Meaning") VALUES (1380, 1375, 2, '向上させる');
INSERT INTO "Definitions" ("Id", "WordId", "PartOfSpeechId", "Meaning") VALUES (1381, 1376, 1, 'コミュニティ');
INSERT INTO "Definitions" ("Id", "WordId", "PartOfSpeechId", "Meaning") VALUES (1382, 1377, 2, '設立する');
INSERT INTO "Definitions" ("Id", "WordId", "PartOfSpeechId", "Meaning") VALUES (1383, 1378, 2, '拡大する');
INSERT INTO "Definitions" ("Id", "WordId", "PartOfSpeechId", "Meaning") VALUES (1384, 1379, 2, '実行する');

INSERT INTO "DefinitionCategories" ("DefinitionId", "CategoryId") VALUES (1039, 7);
INSERT INTO "DefinitionCategories" ("DefinitionId", "CategoryId") VALUES (1040, 7);
INSERT INTO "DefinitionCategories" ("DefinitionId", "CategoryId") VALUES (1041, 7);
INSERT INTO "DefinitionCategories" ("DefinitionId", "CategoryId") VALUES (1042, 7);
INSERT INTO "DefinitionCategories" ("DefinitionId", "CategoryId") VALUES (1043, 7);
INSERT INTO "DefinitionCategories" ("DefinitionId", "CategoryId") VALUES (1044, 7);
INSERT INTO "DefinitionCategories" ("DefinitionId", "CategoryId") VALUES (1045, 7);
INSERT INTO "DefinitionCategories" ("DefinitionId", "CategoryId") VALUES (1046, 7);
INSERT INTO "DefinitionCategories" ("DefinitionId", "CategoryId") VALUES (1047, 7);
INSERT INTO "DefinitionCategories" ("DefinitionId", "CategoryId") VALUES (1048, 7);
INSERT INTO "DefinitionCategories" ("DefinitionId", "CategoryId") VALUES (1049, 7);
INSERT INTO "DefinitionCategories" ("DefinitionId", "CategoryId") VALUES (1050, 7);
INSERT INTO "DefinitionCategories" ("DefinitionId", "CategoryId") VALUES (1051, 7);
INSERT INTO "DefinitionCategories" ("DefinitionId", "CategoryId") VALUES (1052, 7);
INSERT INTO "DefinitionCategories" ("DefinitionId", "CategoryId") VALUES (1053, 7);
INSERT INTO "DefinitionCategories" ("DefinitionId", "CategoryId") VALUES (1054, 7);
INSERT INTO "DefinitionCategories" ("DefinitionId", "CategoryId") VALUES (1055, 7);
INSERT INTO "DefinitionCategories" ("DefinitionId", "CategoryId") VALUES (1056, 7);
INSERT INTO "DefinitionCategories" ("DefinitionId", "CategoryId") VALUES (1057, 7);
INSERT INTO "DefinitionCategories" ("DefinitionId", "CategoryId") VALUES (1058, 7);
INSERT INTO "DefinitionCategories" ("DefinitionId", "CategoryId") VALUES (1059, 7);
INSERT INTO "DefinitionCategories" ("DefinitionId", "CategoryId") VALUES (1060, 7);
INSERT INTO "DefinitionCategories" ("DefinitionId", "CategoryId") VALUES (1061, 7);
INSERT INTO "DefinitionCategories" ("DefinitionId", "CategoryId") VALUES (1062, 7);
INSERT INTO "DefinitionCategories" ("DefinitionId", "CategoryId") VALUES (1063, 7);
INSERT INTO "DefinitionCategories" ("DefinitionId", "CategoryId") VALUES (1064, 7);
INSERT INTO "DefinitionCategories" ("DefinitionId", "CategoryId") VALUES (1065, 7);
INSERT INTO "DefinitionCategories" ("DefinitionId", "CategoryId") VALUES (1066, 7);
INSERT INTO "DefinitionCategories" ("DefinitionId", "CategoryId") VALUES (1067, 7);
INSERT INTO "DefinitionCategories" ("DefinitionId", "CategoryId") VALUES (1068, 7);
INSERT INTO "DefinitionCategories" ("DefinitionId", "CategoryId") VALUES (1069, 7);
INSERT INTO "DefinitionCategories" ("DefinitionId", "CategoryId") VALUES (1070, 7);
INSERT INTO "DefinitionCategories" ("DefinitionId", "CategoryId") VALUES (1071, 7);
INSERT INTO "DefinitionCategories" ("DefinitionId", "CategoryId") VALUES (1072, 7);
INSERT INTO "DefinitionCategories" ("DefinitionId", "CategoryId") VALUES (1073, 7);
INSERT INTO "DefinitionCategories" ("DefinitionId", "CategoryId") VALUES (1074, 7);
INSERT INTO "DefinitionCategories" ("DefinitionId", "CategoryId") VALUES (1075, 7);
INSERT INTO "DefinitionCategories" ("DefinitionId", "CategoryId") VALUES (1076, 7);
INSERT INTO "DefinitionCategories" ("DefinitionId", "CategoryId") VALUES (1077, 7);
INSERT INTO "DefinitionCategories" ("DefinitionId", "CategoryId") VALUES (1078, 7);
INSERT INTO "DefinitionCategories" ("DefinitionId", "CategoryId") VALUES (1079, 7);
INSERT INTO "DefinitionCategories" ("DefinitionId", "CategoryId") VALUES (1080, 7);
INSERT INTO "DefinitionCategories" ("DefinitionId", "CategoryId") VALUES (1081, 7);
INSERT INTO "DefinitionCategories" ("DefinitionId", "CategoryId") VALUES (1082, 7);
INSERT INTO "DefinitionCategories" ("DefinitionId", "CategoryId") VALUES (1083, 7);
INSERT INTO "DefinitionCategories" ("DefinitionId", "CategoryId") VALUES (1084, 7);
INSERT INTO "DefinitionCategories" ("DefinitionId", "CategoryId") VALUES (1085, 7);
INSERT INTO "DefinitionCategories" ("DefinitionId", "CategoryId") VALUES (1086, 7);
INSERT INTO "DefinitionCategories" ("DefinitionId", "CategoryId") VALUES (1087, 7);
INSERT INTO "DefinitionCategories" ("DefinitionId", "CategoryId") VALUES (1088, 7);
INSERT INTO "DefinitionCategories" ("DefinitionId", "CategoryId") VALUES (1089, 7);
INSERT INTO "DefinitionCategories" ("DefinitionId", "CategoryId") VALUES (1090, 7);
INSERT INTO "DefinitionCategories" ("DefinitionId", "CategoryId") VALUES (1091, 7);
INSERT INTO "DefinitionCategories" ("DefinitionId", "CategoryId") VALUES (1092, 7);
INSERT INTO "DefinitionCategories" ("DefinitionId", "CategoryId") VALUES (1093, 7);
INSERT INTO "DefinitionCategories" ("DefinitionId", "CategoryId") VALUES (1094, 7);
INSERT INTO "DefinitionCategories" ("DefinitionId", "CategoryId") VALUES (1095, 7);
INSERT INTO "DefinitionCategories" ("DefinitionId", "CategoryId") VALUES (1096, 7);
INSERT INTO "DefinitionCategories" ("DefinitionId", "CategoryId") VALUES (1097, 7);
INSERT INTO "DefinitionCategories" ("DefinitionId", "CategoryId") VALUES (1098, 7);
INSERT INTO "DefinitionCategories" ("DefinitionId", "CategoryId") VALUES (1099, 7);
INSERT INTO "DefinitionCategories" ("DefinitionId", "CategoryId") VALUES (1100, 7);
INSERT INTO "DefinitionCategories" ("DefinitionId", "CategoryId") VALUES (1101, 7);
INSERT INTO "DefinitionCategories" ("DefinitionId", "CategoryId") VALUES (1102, 7);
INSERT INTO "DefinitionCategories" ("DefinitionId", "CategoryId") VALUES (1103, 7);
INSERT INTO "DefinitionCategories" ("DefinitionId", "CategoryId") VALUES (1104, 7);
INSERT INTO "DefinitionCategories" ("DefinitionId", "CategoryId") VALUES (1105, 7);
INSERT INTO "DefinitionCategories" ("DefinitionId", "CategoryId") VALUES (1106, 7);
INSERT INTO "DefinitionCategories" ("DefinitionId", "CategoryId") VALUES (1107, 7);
INSERT INTO "DefinitionCategories" ("DefinitionId", "CategoryId") VALUES (1108, 7);
INSERT INTO "DefinitionCategories" ("DefinitionId", "CategoryId") VALUES (1109, 7);
INSERT INTO "DefinitionCategories" ("DefinitionId", "CategoryId") VALUES (1110, 7);
INSERT INTO "DefinitionCategories" ("DefinitionId", "CategoryId") VALUES (1111, 7);
INSERT INTO "DefinitionCategories" ("DefinitionId", "CategoryId") VALUES (1112, 7);
INSERT INTO "DefinitionCategories" ("DefinitionId", "CategoryId") VALUES (1113, 7);
INSERT INTO "DefinitionCategories" ("DefinitionId", "CategoryId") VALUES (1114, 7);
INSERT INTO "DefinitionCategories" ("DefinitionId", "CategoryId") VALUES (1115, 7);
INSERT INTO "DefinitionCategories" ("DefinitionId", "CategoryId") VALUES (1116, 7);
INSERT INTO "DefinitionCategories" ("DefinitionId", "CategoryId") VALUES (1117, 7);
INSERT INTO "DefinitionCategories" ("DefinitionId", "CategoryId") VALUES (1118, 7);
INSERT INTO "DefinitionCategories" ("DefinitionId", "CategoryId") VALUES (25, 16);
INSERT INTO "DefinitionCategories" ("DefinitionId", "CategoryId") VALUES (1, 20);
INSERT INTO "DefinitionCategories" ("DefinitionId", "CategoryId") VALUES (25, 20);
INSERT INTO "DefinitionCategories" ("DefinitionId", "CategoryId") VALUES (1, 24);
INSERT INTO "DefinitionCategories" ("DefinitionId", "CategoryId") VALUES (25, 26);
INSERT INTO "DefinitionCategories" ("DefinitionId", "CategoryId") VALUES (1, 27);
INSERT INTO "DefinitionCategories" ("DefinitionId", "CategoryId") VALUES (25, 27);
INSERT INTO "DefinitionCategories" ("DefinitionId", "CategoryId") VALUES (1, 29);
INSERT INTO "DefinitionCategories" ("DefinitionId", "CategoryId") VALUES (1119, 31);
INSERT INTO "DefinitionCategories" ("DefinitionId", "CategoryId") VALUES (1120, 31);
INSERT INTO "DefinitionCategories" ("DefinitionId", "CategoryId") VALUES (1121, 31);
INSERT INTO "DefinitionCategories" ("DefinitionId", "CategoryId") VALUES (1122, 31);
INSERT INTO "DefinitionCategories" ("DefinitionId", "CategoryId") VALUES (1123, 31);
INSERT INTO "DefinitionCategories" ("DefinitionId", "CategoryId") VALUES (1124, 31);
INSERT INTO "DefinitionCategories" ("DefinitionId", "CategoryId") VALUES (1125, 31);
INSERT INTO "DefinitionCategories" ("DefinitionId", "CategoryId") VALUES (1126, 31);
INSERT INTO "DefinitionCategories" ("DefinitionId", "CategoryId") VALUES (1127, 31);
INSERT INTO "DefinitionCategories" ("DefinitionId", "CategoryId") VALUES (1128, 31);
INSERT INTO "DefinitionCategories" ("DefinitionId", "CategoryId") VALUES (1129, 31);
INSERT INTO "DefinitionCategories" ("DefinitionId", "CategoryId") VALUES (1130, 31);

INSERT INTO "DefinitionCategories" ("DefinitionId", "CategoryId") VALUES (1131, 31);
INSERT INTO "DefinitionCategories" ("DefinitionId", "CategoryId") VALUES (1132, 31);
INSERT INTO "DefinitionCategories" ("DefinitionId", "CategoryId") VALUES (1133, 31);
INSERT INTO "DefinitionCategories" ("DefinitionId", "CategoryId") VALUES (1134, 31);
INSERT INTO "DefinitionCategories" ("DefinitionId", "CategoryId") VALUES (1135, 31);
INSERT INTO "DefinitionCategories" ("DefinitionId", "CategoryId") VALUES (1136, 31);
INSERT INTO "DefinitionCategories" ("DefinitionId", "CategoryId") VALUES (1137, 31);
INSERT INTO "DefinitionCategories" ("DefinitionId", "CategoryId") VALUES (1138, 31);
INSERT INTO "DefinitionCategories" ("DefinitionId", "CategoryId") VALUES (1139, 31);
INSERT INTO "DefinitionCategories" ("DefinitionId", "CategoryId") VALUES (1140, 31);
INSERT INTO "DefinitionCategories" ("DefinitionId", "CategoryId") VALUES (1141, 31);
INSERT INTO "DefinitionCategories" ("DefinitionId", "CategoryId") VALUES (1142, 31);
INSERT INTO "DefinitionCategories" ("DefinitionId", "CategoryId") VALUES (1143, 31);
INSERT INTO "DefinitionCategories" ("DefinitionId", "CategoryId") VALUES (1144, 31);
INSERT INTO "DefinitionCategories" ("DefinitionId", "CategoryId") VALUES (1145, 31);
INSERT INTO "DefinitionCategories" ("DefinitionId", "CategoryId") VALUES (1146, 31);
INSERT INTO "DefinitionCategories" ("DefinitionId", "CategoryId") VALUES (1147, 31);
INSERT INTO "DefinitionCategories" ("DefinitionId", "CategoryId") VALUES (1148, 31);
INSERT INTO "DefinitionCategories" ("DefinitionId", "CategoryId") VALUES (1149, 31);
INSERT INTO "DefinitionCategories" ("DefinitionId", "CategoryId") VALUES (1150, 31);
INSERT INTO "DefinitionCategories" ("DefinitionId", "CategoryId") VALUES (1151, 31);
INSERT INTO "DefinitionCategories" ("DefinitionId", "CategoryId") VALUES (1152, 31);
INSERT INTO "DefinitionCategories" ("DefinitionId", "CategoryId") VALUES (1153, 31);
INSERT INTO "DefinitionCategories" ("DefinitionId", "CategoryId") VALUES (1154, 31);
INSERT INTO "DefinitionCategories" ("DefinitionId", "CategoryId") VALUES (1155, 31);
INSERT INTO "DefinitionCategories" ("DefinitionId", "CategoryId") VALUES (1156, 31);
INSERT INTO "DefinitionCategories" ("DefinitionId", "CategoryId") VALUES (1157, 31);
INSERT INTO "DefinitionCategories" ("DefinitionId", "CategoryId") VALUES (1158, 31);
INSERT INTO "DefinitionCategories" ("DefinitionId", "CategoryId") VALUES (1159, 31);
INSERT INTO "DefinitionCategories" ("DefinitionId", "CategoryId") VALUES (1160, 31);
INSERT INTO "DefinitionCategories" ("DefinitionId", "CategoryId") VALUES (1161, 31);
INSERT INTO "DefinitionCategories" ("DefinitionId", "CategoryId") VALUES (1162, 31);
INSERT INTO "DefinitionCategories" ("DefinitionId", "CategoryId") VALUES (1163, 31);
INSERT INTO "DefinitionCategories" ("DefinitionId", "CategoryId") VALUES (1164, 31);
INSERT INTO "DefinitionCategories" ("DefinitionId", "CategoryId") VALUES (1165, 31);
INSERT INTO "DefinitionCategories" ("DefinitionId", "CategoryId") VALUES (1166, 31);
INSERT INTO "DefinitionCategories" ("DefinitionId", "CategoryId") VALUES (1167, 31);
INSERT INTO "DefinitionCategories" ("DefinitionId", "CategoryId") VALUES (1168, 31);
INSERT INTO "DefinitionCategories" ("DefinitionId", "CategoryId") VALUES (1169, 31);
INSERT INTO "DefinitionCategories" ("DefinitionId", "CategoryId") VALUES (1170, 31);
INSERT INTO "DefinitionCategories" ("DefinitionId", "CategoryId") VALUES (1171, 31);
INSERT INTO "DefinitionCategories" ("DefinitionId", "CategoryId") VALUES (1172, 31);
INSERT INTO "DefinitionCategories" ("DefinitionId", "CategoryId") VALUES (1173, 31);
INSERT INTO "DefinitionCategories" ("DefinitionId", "CategoryId") VALUES (1174, 31);
INSERT INTO "DefinitionCategories" ("DefinitionId", "CategoryId") VALUES (1175, 31);
INSERT INTO "DefinitionCategories" ("DefinitionId", "CategoryId") VALUES (1176, 31);
INSERT INTO "DefinitionCategories" ("DefinitionId", "CategoryId") VALUES (1177, 31);
INSERT INTO "DefinitionCategories" ("DefinitionId", "CategoryId") VALUES (1178, 31);
INSERT INTO "DefinitionCategories" ("DefinitionId", "CategoryId") VALUES (1179, 31);
INSERT INTO "DefinitionCategories" ("DefinitionId", "CategoryId") VALUES (1180, 31);
INSERT INTO "DefinitionCategories" ("DefinitionId", "CategoryId") VALUES (1181, 31);
INSERT INTO "DefinitionCategories" ("DefinitionId", "CategoryId") VALUES (1182, 31);
INSERT INTO "DefinitionCategories" ("DefinitionId", "CategoryId") VALUES (1183, 31);
INSERT INTO "DefinitionCategories" ("DefinitionId", "CategoryId") VALUES (1184, 31);
INSERT INTO "DefinitionCategories" ("DefinitionId", "CategoryId") VALUES (1185, 31);
INSERT INTO "DefinitionCategories" ("DefinitionId", "CategoryId") VALUES (1186, 31);
INSERT INTO "DefinitionCategories" ("DefinitionId", "CategoryId") VALUES (1187, 31);
INSERT INTO "DefinitionCategories" ("DefinitionId", "CategoryId") VALUES (1188, 31);
INSERT INTO "DefinitionCategories" ("DefinitionId", "CategoryId") VALUES (1189, 31);
INSERT INTO "DefinitionCategories" ("DefinitionId", "CategoryId") VALUES (1190, 31);
INSERT INTO "DefinitionCategories" ("DefinitionId", "CategoryId") VALUES (1191, 31);
INSERT INTO "DefinitionCategories" ("DefinitionId", "CategoryId") VALUES (1192, 31);
INSERT INTO "DefinitionCategories" ("DefinitionId", "CategoryId") VALUES (1193, 31);
INSERT INTO "DefinitionCategories" ("DefinitionId", "CategoryId") VALUES (1194, 31);
INSERT INTO "DefinitionCategories" ("DefinitionId", "CategoryId") VALUES (1195, 31);
INSERT INTO "DefinitionCategories" ("DefinitionId", "CategoryId") VALUES (1196, 31);
INSERT INTO "DefinitionCategories" ("DefinitionId", "CategoryId") VALUES (1197, 31);
INSERT INTO "DefinitionCategories" ("DefinitionId", "CategoryId") VALUES (1198, 31);
INSERT INTO "DefinitionCategories" ("DefinitionId", "CategoryId") VALUES (1199, 31);
INSERT INTO "DefinitionCategories" ("DefinitionId", "CategoryId") VALUES (1200, 31);
INSERT INTO "DefinitionCategories" ("DefinitionId", "CategoryId") VALUES (1201, 31);
INSERT INTO "DefinitionCategories" ("DefinitionId", "CategoryId") VALUES (1202, 31);
INSERT INTO "DefinitionCategories" ("DefinitionId", "CategoryId") VALUES (1203, 31);
INSERT INTO "DefinitionCategories" ("DefinitionId", "CategoryId") VALUES (1204, 31);
INSERT INTO "DefinitionCategories" ("DefinitionId", "CategoryId") VALUES (1205, 31);
INSERT INTO "DefinitionCategories" ("DefinitionId", "CategoryId") VALUES (1206, 31);
INSERT INTO "DefinitionCategories" ("DefinitionId", "CategoryId") VALUES (1207, 31);
INSERT INTO "DefinitionCategories" ("DefinitionId", "CategoryId") VALUES (1208, 31);
INSERT INTO "DefinitionCategories" ("DefinitionId", "CategoryId") VALUES (1209, 31);
INSERT INTO "DefinitionCategories" ("DefinitionId", "CategoryId") VALUES (1210, 31);
INSERT INTO "DefinitionCategories" ("DefinitionId", "CategoryId") VALUES (1211, 31);
INSERT INTO "DefinitionCategories" ("DefinitionId", "CategoryId") VALUES (1212, 31);
INSERT INTO "DefinitionCategories" ("DefinitionId", "CategoryId") VALUES (1213, 31);
INSERT INTO "DefinitionCategories" ("DefinitionId", "CategoryId") VALUES (1214, 31);
INSERT INTO "DefinitionCategories" ("DefinitionId", "CategoryId") VALUES (1215, 31);
INSERT INTO "DefinitionCategories" ("DefinitionId", "CategoryId") VALUES (1216, 31);
INSERT INTO "DefinitionCategories" ("DefinitionId", "CategoryId") VALUES (1217, 31);
INSERT INTO "DefinitionCategories" ("DefinitionId", "CategoryId") VALUES (1218, 31);
INSERT INTO "DefinitionCategories" ("DefinitionId", "CategoryId") VALUES (1219, 31);
INSERT INTO "DefinitionCategories" ("DefinitionId", "CategoryId") VALUES (1220, 31);
INSERT INTO "DefinitionCategories" ("DefinitionId", "CategoryId") VALUES (1221, 31);
INSERT INTO "DefinitionCategories" ("DefinitionId", "CategoryId") VALUES (1222, 31);
INSERT INTO "DefinitionCategories" ("DefinitionId", "CategoryId") VALUES (1223, 31);
INSERT INTO "DefinitionCategories" ("DefinitionId", "CategoryId") VALUES (1224, 31);
INSERT INTO "DefinitionCategories" ("DefinitionId", "CategoryId") VALUES (1225, 31);
INSERT INTO "DefinitionCategories" ("DefinitionId", "CategoryId") VALUES (1226, 32);
INSERT INTO "DefinitionCategories" ("DefinitionId", "CategoryId") VALUES (1227, 32);
INSERT INTO "DefinitionCategories" ("DefinitionId", "CategoryId") VALUES (1228, 32);
INSERT INTO "DefinitionCategories" ("DefinitionId", "CategoryId") VALUES (1229, 32);
INSERT INTO "DefinitionCategories" ("DefinitionId", "CategoryId") VALUES (1230, 32);

INSERT INTO "DefinitionCategories" ("DefinitionId", "CategoryId") VALUES (1231, 32);
INSERT INTO "DefinitionCategories" ("DefinitionId", "CategoryId") VALUES (1232, 32);
INSERT INTO "DefinitionCategories" ("DefinitionId", "CategoryId") VALUES (1233, 32);
INSERT INTO "DefinitionCategories" ("DefinitionId", "CategoryId") VALUES (1234, 32);
INSERT INTO "DefinitionCategories" ("DefinitionId", "CategoryId") VALUES (1235, 32);
INSERT INTO "DefinitionCategories" ("DefinitionId", "CategoryId") VALUES (1236, 32);
INSERT INTO "DefinitionCategories" ("DefinitionId", "CategoryId") VALUES (1237, 32);
INSERT INTO "DefinitionCategories" ("DefinitionId", "CategoryId") VALUES (1238, 32);
INSERT INTO "DefinitionCategories" ("DefinitionId", "CategoryId") VALUES (1239, 32);
INSERT INTO "DefinitionCategories" ("DefinitionId", "CategoryId") VALUES (1240, 32);
INSERT INTO "DefinitionCategories" ("DefinitionId", "CategoryId") VALUES (1241, 32);
INSERT INTO "DefinitionCategories" ("DefinitionId", "CategoryId") VALUES (1242, 32);
INSERT INTO "DefinitionCategories" ("DefinitionId", "CategoryId") VALUES (1243, 32);
INSERT INTO "DefinitionCategories" ("DefinitionId", "CategoryId") VALUES (1244, 32);
INSERT INTO "DefinitionCategories" ("DefinitionId", "CategoryId") VALUES (1245, 32);
INSERT INTO "DefinitionCategories" ("DefinitionId", "CategoryId") VALUES (1246, 32);
INSERT INTO "DefinitionCategories" ("DefinitionId", "CategoryId") VALUES (1247, 32);
INSERT INTO "DefinitionCategories" ("DefinitionId", "CategoryId") VALUES (1248, 32);
INSERT INTO "DefinitionCategories" ("DefinitionId", "CategoryId") VALUES (1249, 32);
INSERT INTO "DefinitionCategories" ("DefinitionId", "CategoryId") VALUES (1250, 32);
INSERT INTO "DefinitionCategories" ("DefinitionId", "CategoryId") VALUES (1251, 32);
INSERT INTO "DefinitionCategories" ("DefinitionId", "CategoryId") VALUES (1252, 32);
INSERT INTO "DefinitionCategories" ("DefinitionId", "CategoryId") VALUES (1253, 32);
INSERT INTO "DefinitionCategories" ("DefinitionId", "CategoryId") VALUES (1254, 32);
INSERT INTO "DefinitionCategories" ("DefinitionId", "CategoryId") VALUES (1255, 32);
INSERT INTO "DefinitionCategories" ("DefinitionId", "CategoryId") VALUES (1256, 32);
INSERT INTO "DefinitionCategories" ("DefinitionId", "CategoryId") VALUES (1257, 32);
INSERT INTO "DefinitionCategories" ("DefinitionId", "CategoryId") VALUES (1258, 32);
INSERT INTO "DefinitionCategories" ("DefinitionId", "CategoryId") VALUES (1259, 32);
INSERT INTO "DefinitionCategories" ("DefinitionId", "CategoryId") VALUES (1260, 32);
INSERT INTO "DefinitionCategories" ("DefinitionId", "CategoryId") VALUES (1261, 32);
INSERT INTO "DefinitionCategories" ("DefinitionId", "CategoryId") VALUES (1262, 32);
INSERT INTO "DefinitionCategories" ("DefinitionId", "CategoryId") VALUES (1263, 32);
INSERT INTO "DefinitionCategories" ("DefinitionId", "CategoryId") VALUES (1264, 32);
INSERT INTO "DefinitionCategories" ("DefinitionId", "CategoryId") VALUES (1265, 32);
INSERT INTO "DefinitionCategories" ("DefinitionId", "CategoryId") VALUES (1266, 32);
INSERT INTO "DefinitionCategories" ("DefinitionId", "CategoryId") VALUES (1267, 32);
INSERT INTO "DefinitionCategories" ("DefinitionId", "CategoryId") VALUES (1268, 32);
INSERT INTO "DefinitionCategories" ("DefinitionId", "CategoryId") VALUES (1269, 32);
INSERT INTO "DefinitionCategories" ("DefinitionId", "CategoryId") VALUES (1270, 32);
INSERT INTO "DefinitionCategories" ("DefinitionId", "CategoryId") VALUES (1271, 32);
INSERT INTO "DefinitionCategories" ("DefinitionId", "CategoryId") VALUES (1272, 32);
INSERT INTO "DefinitionCategories" ("DefinitionId", "CategoryId") VALUES (1273, 32);
INSERT INTO "DefinitionCategories" ("DefinitionId", "CategoryId") VALUES (1274, 32);
INSERT INTO "DefinitionCategories" ("DefinitionId", "CategoryId") VALUES (1275, 32);
INSERT INTO "DefinitionCategories" ("DefinitionId", "CategoryId") VALUES (1276, 32);
INSERT INTO "DefinitionCategories" ("DefinitionId", "CategoryId") VALUES (1277, 32);
INSERT INTO "DefinitionCategories" ("DefinitionId", "CategoryId") VALUES (1278, 32);
INSERT INTO "DefinitionCategories" ("DefinitionId", "CategoryId") VALUES (1279, 32);
INSERT INTO "DefinitionCategories" ("DefinitionId", "CategoryId") VALUES (1280, 32);
INSERT INTO "DefinitionCategories" ("DefinitionId", "CategoryId") VALUES (1281, 32);
INSERT INTO "DefinitionCategories" ("DefinitionId", "CategoryId") VALUES (1282, 32);
INSERT INTO "DefinitionCategories" ("DefinitionId", "CategoryId") VALUES (1283, 32);
INSERT INTO "DefinitionCategories" ("DefinitionId", "CategoryId") VALUES (1284, 32);
INSERT INTO "DefinitionCategories" ("DefinitionId", "CategoryId") VALUES (1285, 32);
INSERT INTO "DefinitionCategories" ("DefinitionId", "CategoryId") VALUES (1286, 32);
INSERT INTO "DefinitionCategories" ("DefinitionId", "CategoryId") VALUES (1287, 32);
INSERT INTO "DefinitionCategories" ("DefinitionId", "CategoryId") VALUES (1288, 32);
INSERT INTO "DefinitionCategories" ("DefinitionId", "CategoryId") VALUES (1289, 32);
INSERT INTO "DefinitionCategories" ("DefinitionId", "CategoryId") VALUES (1290, 32);
INSERT INTO "DefinitionCategories" ("DefinitionId", "CategoryId") VALUES (1291, 32);
INSERT INTO "DefinitionCategories" ("DefinitionId", "CategoryId") VALUES (1292, 32);
INSERT INTO "DefinitionCategories" ("DefinitionId", "CategoryId") VALUES (1293, 32);
INSERT INTO "DefinitionCategories" ("DefinitionId", "CategoryId") VALUES (1294, 32);
INSERT INTO "DefinitionCategories" ("DefinitionId", "CategoryId") VALUES (1295, 32);
INSERT INTO "DefinitionCategories" ("DefinitionId", "CategoryId") VALUES (1296, 33);
INSERT INTO "DefinitionCategories" ("DefinitionId", "CategoryId") VALUES (1297, 33);
INSERT INTO "DefinitionCategories" ("DefinitionId", "CategoryId") VALUES (1298, 33);
INSERT INTO "DefinitionCategories" ("DefinitionId", "CategoryId") VALUES (1299, 33);
INSERT INTO "DefinitionCategories" ("DefinitionId", "CategoryId") VALUES (1300, 33);
INSERT INTO "DefinitionCategories" ("DefinitionId", "CategoryId") VALUES (1301, 33);
INSERT INTO "DefinitionCategories" ("DefinitionId", "CategoryId") VALUES (1302, 33);
INSERT INTO "DefinitionCategories" ("DefinitionId", "CategoryId") VALUES (1303, 33);
INSERT INTO "DefinitionCategories" ("DefinitionId", "CategoryId") VALUES (1304, 33);
INSERT INTO "DefinitionCategories" ("DefinitionId", "CategoryId") VALUES (1305, 33);
INSERT INTO "DefinitionCategories" ("DefinitionId", "CategoryId") VALUES (1306, 33);
INSERT INTO "DefinitionCategories" ("DefinitionId", "CategoryId") VALUES (1307, 33);
INSERT INTO "DefinitionCategories" ("DefinitionId", "CategoryId") VALUES (1308, 33);
INSERT INTO "DefinitionCategories" ("DefinitionId", "CategoryId") VALUES (1309, 33);
INSERT INTO "DefinitionCategories" ("DefinitionId", "CategoryId") VALUES (1310, 33);
INSERT INTO "DefinitionCategories" ("DefinitionId", "CategoryId") VALUES (1311, 33);
INSERT INTO "DefinitionCategories" ("DefinitionId", "CategoryId") VALUES (1312, 33);
INSERT INTO "DefinitionCategories" ("DefinitionId", "CategoryId") VALUES (1313, 33);
INSERT INTO "DefinitionCategories" ("DefinitionId", "CategoryId") VALUES (1314, 33);
INSERT INTO "DefinitionCategories" ("DefinitionId", "CategoryId") VALUES (1315, 33);
INSERT INTO "DefinitionCategories" ("DefinitionId", "CategoryId") VALUES (1316, 33);
INSERT INTO "DefinitionCategories" ("DefinitionId", "CategoryId") VALUES (1317, 33);
INSERT INTO "DefinitionCategories" ("DefinitionId", "CategoryId") VALUES (1318, 33);
INSERT INTO "DefinitionCategories" ("DefinitionId", "CategoryId") VALUES (1319, 33);
INSERT INTO "DefinitionCategories" ("DefinitionId", "CategoryId") VALUES (1320, 33);
INSERT INTO "DefinitionCategories" ("DefinitionId", "CategoryId") VALUES (1321, 33);
INSERT INTO "DefinitionCategories" ("DefinitionId", "CategoryId") VALUES (1322, 33);
INSERT INTO "DefinitionCategories" ("DefinitionId", "CategoryId") VALUES (1323, 33);
INSERT INTO "DefinitionCategories" ("DefinitionId", "CategoryId") VALUES (1324, 33);
INSERT INTO "DefinitionCategories" ("DefinitionId", "CategoryId") VALUES (1325, 33);
INSERT INTO "DefinitionCategories" ("DefinitionId", "CategoryId") VALUES (1326, 33);
INSERT INTO "DefinitionCategories" ("DefinitionId", "CategoryId") VALUES (1327, 33);
INSERT INTO "DefinitionCategories" ("DefinitionId", "CategoryId") VALUES (1328, 33);
INSERT INTO "DefinitionCategories" ("DefinitionId", "CategoryId") VALUES (1329, 33);
INSERT INTO "DefinitionCategories" ("DefinitionId", "CategoryId") VALUES (1330, 33);

INSERT INTO "DefinitionCategories" ("DefinitionId", "CategoryId") VALUES (1331, 33);
INSERT INTO "DefinitionCategories" ("DefinitionId", "CategoryId") VALUES (1332, 33);
INSERT INTO "DefinitionCategories" ("DefinitionId", "CategoryId") VALUES (1333, 33);
INSERT INTO "DefinitionCategories" ("DefinitionId", "CategoryId") VALUES (1334, 33);
INSERT INTO "DefinitionCategories" ("DefinitionId", "CategoryId") VALUES (1335, 33);
INSERT INTO "DefinitionCategories" ("DefinitionId", "CategoryId") VALUES (1336, 33);
INSERT INTO "DefinitionCategories" ("DefinitionId", "CategoryId") VALUES (1337, 33);
INSERT INTO "DefinitionCategories" ("DefinitionId", "CategoryId") VALUES (1338, 33);
INSERT INTO "DefinitionCategories" ("DefinitionId", "CategoryId") VALUES (1339, 33);
INSERT INTO "DefinitionCategories" ("DefinitionId", "CategoryId") VALUES (1340, 33);
INSERT INTO "DefinitionCategories" ("DefinitionId", "CategoryId") VALUES (1341, 33);
INSERT INTO "DefinitionCategories" ("DefinitionId", "CategoryId") VALUES (1342, 33);
INSERT INTO "DefinitionCategories" ("DefinitionId", "CategoryId") VALUES (1343, 33);
INSERT INTO "DefinitionCategories" ("DefinitionId", "CategoryId") VALUES (1344, 33);
INSERT INTO "DefinitionCategories" ("DefinitionId", "CategoryId") VALUES (1345, 33);
INSERT INTO "DefinitionCategories" ("DefinitionId", "CategoryId") VALUES (1346, 33);
INSERT INTO "DefinitionCategories" ("DefinitionId", "CategoryId") VALUES (1347, 33);
INSERT INTO "DefinitionCategories" ("DefinitionId", "CategoryId") VALUES (1348, 33);
INSERT INTO "DefinitionCategories" ("DefinitionId", "CategoryId") VALUES (1349, 33);
INSERT INTO "DefinitionCategories" ("DefinitionId", "CategoryId") VALUES (1350, 33);
INSERT INTO "DefinitionCategories" ("DefinitionId", "CategoryId") VALUES (1351, 33);
INSERT INTO "DefinitionCategories" ("DefinitionId", "CategoryId") VALUES (1352, 33);
INSERT INTO "DefinitionCategories" ("DefinitionId", "CategoryId") VALUES (1353, 33);
INSERT INTO "DefinitionCategories" ("DefinitionId", "CategoryId") VALUES (1354, 33);
INSERT INTO "DefinitionCategories" ("DefinitionId", "CategoryId") VALUES (1355, 33);
INSERT INTO "DefinitionCategories" ("DefinitionId", "CategoryId") VALUES (1356, 33);
INSERT INTO "DefinitionCategories" ("DefinitionId", "CategoryId") VALUES (1357, 33);
INSERT INTO "DefinitionCategories" ("DefinitionId", "CategoryId") VALUES (1358, 33);
INSERT INTO "DefinitionCategories" ("DefinitionId", "CategoryId") VALUES (1359, 33);
INSERT INTO "DefinitionCategories" ("DefinitionId", "CategoryId") VALUES (1360, 33);
INSERT INTO "DefinitionCategories" ("DefinitionId", "CategoryId") VALUES (1361, 33);
INSERT INTO "DefinitionCategories" ("DefinitionId", "CategoryId") VALUES (1362, 33);
INSERT INTO "DefinitionCategories" ("DefinitionId", "CategoryId") VALUES (1363, 33);
INSERT INTO "DefinitionCategories" ("DefinitionId", "CategoryId") VALUES (1364, 33);
INSERT INTO "DefinitionCategories" ("DefinitionId", "CategoryId") VALUES (1365, 33);
INSERT INTO "DefinitionCategories" ("DefinitionId", "CategoryId") VALUES (1366, 33);
INSERT INTO "DefinitionCategories" ("DefinitionId", "CategoryId") VALUES (1367, 33);
INSERT INTO "DefinitionCategories" ("DefinitionId", "CategoryId") VALUES (1368, 33);
INSERT INTO "DefinitionCategories" ("DefinitionId", "CategoryId") VALUES (1369, 33);
INSERT INTO "DefinitionCategories" ("DefinitionId", "CategoryId") VALUES (1370, 33);
INSERT INTO "DefinitionCategories" ("DefinitionId", "CategoryId") VALUES (1371, 33);
INSERT INTO "DefinitionCategories" ("DefinitionId", "CategoryId") VALUES (1372, 33);
INSERT INTO "DefinitionCategories" ("DefinitionId", "CategoryId") VALUES (1373, 33);
INSERT INTO "DefinitionCategories" ("DefinitionId", "CategoryId") VALUES (1374, 33);
INSERT INTO "DefinitionCategories" ("DefinitionId", "CategoryId") VALUES (1375, 33);
INSERT INTO "DefinitionCategories" ("DefinitionId", "CategoryId") VALUES (1376, 33);
INSERT INTO "DefinitionCategories" ("DefinitionId", "CategoryId") VALUES (1377, 33);
INSERT INTO "DefinitionCategories" ("DefinitionId", "CategoryId") VALUES (1378, 33);
INSERT INTO "DefinitionCategories" ("DefinitionId", "CategoryId") VALUES (1379, 33);
INSERT INTO "DefinitionCategories" ("DefinitionId", "CategoryId") VALUES (1380, 33);
INSERT INTO "DefinitionCategories" ("DefinitionId", "CategoryId") VALUES (1381, 33);
INSERT INTO "DefinitionCategories" ("DefinitionId", "CategoryId") VALUES (1382, 33);
INSERT INTO "DefinitionCategories" ("DefinitionId", "CategoryId") VALUES (1383, 33);
INSERT INTO "DefinitionCategories" ("DefinitionId", "CategoryId") VALUES (1384, 33);

INSERT INTO "Pronunciations" ("Id", "WordId", "Symbol", "Voice") VALUES (1, 1, 'témp(ə)rətʃ`ʊɚ', NULL);

INSERT INTO "Icons" ("Id", "Name", "Url") VALUES (1, '空也', '~/images/icons/nigaoe_kuuya_syounin_zou.png');
INSERT INTO "Icons" ("Id", "Name", "Url") VALUES (4, 'bird', '~/images/icons/bird.png');
INSERT INTO "Icons" ("Id", "Name", "Url") VALUES (5, 'buddha', '~/images/icons/buddha.png');
INSERT INTO "Icons" ("Id", "Name", "Url") VALUES (6, 'elephant', '~/images/icons/elephant.png');
INSERT INTO "Icons" ("Id", "Name", "Url") VALUES (7, 'horse', '~/images/icons/horse.png');
INSERT INTO "Icons" ("Id", "Name", "Url") VALUES (8, 'seal', '~/images/icons/seal.png');
INSERT INTO "Icons" ("Id", "Name", "Url") VALUES (9, 'gear', '~/images/icons/gear.png');

-- シーケンスリセット（明示的IDでINSERTした後に必要）
SELECT setval(pg_get_serial_sequence('"Languages"', 'Id'), (SELECT MAX("Id") FROM "Languages"));
SELECT setval(pg_get_serial_sequence('"Categories"', 'Id'), (SELECT MAX("Id") FROM "Categories"));
SELECT setval(pg_get_serial_sequence('"PartOfSpeeches"', 'Id'), (SELECT MAX("Id") FROM "PartOfSpeeches"));
SELECT setval(pg_get_serial_sequence('"Words"', 'Id'), (SELECT MAX("Id") FROM "Words"));
SELECT setval(pg_get_serial_sequence('"Definitions"', 'Id'), (SELECT MAX("Id") FROM "Definitions"));
